Shipment_ID,Date,Origin,Destination,Distance_KM,Carrier,Vehicle_ID,Load_KG,Traffic,Weather,Priority,Delivery_Window_Hours,Actual_Delivery_Hours,Delayed,Freight_Cost,Fuel_Surcharge,Destination_Lat,Destination_Lon
S0001,2026-01-02,Hyderabad,Visakhapatnam,602,Carrier_C,V03,280,Medium,Normal,Normal,16,14.6,0,6642.64,542.35,17.6868,83.2185
S0002,2026-01-15,Hyderabad,Mumbai,705,Carrier_D,V02,625,Medium,Normal,Normal,19,14.88,0,9354.28,1477.04,19.076,72.8777
S0003,2026-07-07,Hyderabad,Warangal,168,Carrier_A,V03,489,Medium,Normal,Normal,6,3.84,0,2175.8,216.02,17.9689,79.5941
S0004,2026-02-13,Hyderabad,Visakhapatnam,608,Carrier_C,V03,852,Low,Normal,High,11,13.06,1,6515.73,960.31,17.6868,83.2185
S0005,2026-05-04,Hyderabad,Chennai,618,Carrier_B,V04,366,Medium,Normal,Normal,15,13.51,0,7423.74,760.75,13.0827,80.2707
S0006,2026-02-10,Hyderabad,Vijayawada,250,Carrier_A,V05,922,Low,Normal,Normal,7,6.06,0,3179.22,489.93,16.5062,80.648
S0007,2026-07-25,Hyderabad,Mumbai,718,Carrier_D,V04,888,Low,Normal,High,16,13.06,0,9528.64,853.46,19.076,72.8777
S0008,2026-05-23,Hyderabad,Pune,548,Carrier_C,V02,883,Medium,Normal,Normal,15,12.4,0,6056.6,552.04,18.5204,73.8567
S0009,2026-03-25,Hyderabad,Pune,566,Carrier_A,V05,177,Medium,Normal,High,14,11.59,0,7049.71,687.17,18.5204,73.8567
S0010,2026-08-13,Hyderabad,Warangal,152,Carrier_D,V02,798,Low,Rain,Normal,5,3.37,0,1965.87,233.52,17.9689,79.5941
S0011,2026-01-02,Hyderabad,Pune,566,Carrier_A,V03,230,Medium,Normal,Normal,9,10.04,1,7072.88,716.78,18.5204,73.8567
S0012,2026-01-24,Hyderabad,Chennai,636,Carrier_B,V05,550,High,Normal,Normal,15,15.52,1,7564.95,1045.91,13.0827,80.2707
S0013,2026-05-27,Hyderabad,Vijayawada,297,Carrier_C,V03,552,Medium,Normal,Normal,9,6.66,0,3305.9,452.55,16.5062,80.648
S0014,2026-04-09,Hyderabad,Mumbai,725,Carrier_C,V04,564,Medium,Normal,Urgent,18,16.33,0,7876.74,1182.98,19.076,72.8777
S0015,2026-05-11,Hyderabad,Visakhapatnam,642,Carrier_C,V02,808,Medium,Normal,Normal,16,14.25,0,7093.06,979.38,17.6868,83.2185
S0016,2026-05-26,Hyderabad,Mumbai,708,Carrier_D,V01,248,High,Rain,High,13,15.17,1,9439.09,1490.37,19.076,72.8777
S0017,2026-05-08,Hyderabad,Warangal,140,Carrier_B,V03,284,High,Normal,Normal,6,4.53,0,1563.0,215.19,17.9689,79.5941
S0018,2026-04-07,Hyderabad,Bengaluru,595,Carrier_B,V03,375,Medium,Normal,Normal,13,12.48,0,7018.62,758.06,12.9716,77.5946
S0019,2026-02-06,Hyderabad,Mumbai,689,Carrier_C,V01,248,Low,Normal,Normal,14,12.43,0,7490.65,1047.32,19.076,72.8777
S0020,2026-08-11,Hyderabad,Vijayawada,280,Carrier_B,V05,167,High,Rain,Normal,9,8.27,0,3372.51,420.03,16.5062,80.648
S0021,2026-08-09,Hyderabad,Warangal,156,Carrier_C,V02,395,Medium,Normal,Normal,6,5.04,0,1664.46,181.03,17.9689,79.5941
S0022,2026-04-25,Hyderabad,Chennai,654,Carrier_D,V03,549,High,Rain,Normal,16,16.13,1,8723.65,733.32,13.0827,80.2707
S0023,2026-07-07,Hyderabad,Visakhapatnam,596,Carrier_A,V02,932,Medium,Normal,Normal,14,13.48,0,7497.65,815.86,17.6868,83.2185
S0024,2026-05-04,Hyderabad,Vijayawada,293,Carrier_B,V05,805,High,Normal,High,9,9.35,1,3398.26,537.16,16.5062,80.648
S0025,2026-01-01,Hyderabad,Chennai,623,Carrier_B,V01,790,Medium,Normal,Normal,10,12.76,1,7420.66,696.53,13.0827,80.2707
S0026,2026-06-28,Hyderabad,Visakhapatnam,634,Carrier_A,V01,225,High,Normal,Normal,14,15.31,1,7887.97,988.23,17.6868,83.2185
S0027,2026-04-11,Hyderabad,Vijayawada,263,Carrier_A,V05,438,Low,Normal,Normal,8,5.49,0,3335.49,390.83,16.5062,80.648
S0028,2026-01-02,Hyderabad,Visakhapatnam,630,Carrier_A,V05,165,Low,Normal,Normal,16,13.1,0,7947.78,680.69,17.6868,83.2185
S0029,2026-03-15,Hyderabad,Bengaluru,564,Carrier_D,V03,726,Medium,Normal,Normal,13,12.7,0,7450.48,1168.94,12.9716,77.5946
S0030,2026-04-25,Hyderabad,Pune,546,Carrier_A,V05,751,Low,Normal,Normal,12,10.64,0,6785.56,727.75,18.5204,73.8567
S0031,2026-04-09,Hyderabad,Bengaluru,594,Carrier_B,V02,341,Medium,Rain,High,10,12.49,1,6964.39,878.03,12.9716,77.5946
S0032,2026-07-06,Hyderabad,Mumbai,696,Carrier_B,V05,878,Medium,Rain,High,18,16.96,0,8287.27,875.17,19.076,72.8777
S0033,2026-01-25,Hyderabad,Pune,575,Carrier_B,V04,218,Medium,Normal,Urgent,14,11.26,0,6515.87,674.11,18.5204,73.8567
S0034,2026-01-09,Hyderabad,Mumbai,707,Carrier_C,V04,807,Medium,Normal,Urgent,15,14.34,0,7840.32,1234.79,19.076,72.8777
S0035,2026-04-19,Hyderabad,Chennai,642,Carrier_D,V01,571,Low,Normal,Normal,11,11.94,1,8492.96,1349.8,13.0827,80.2707
S0036,2026-02-08,Hyderabad,Bengaluru,551,Carrier_D,V01,863,High,Rain,Normal,14,14.9,1,7391.23,1127.22,12.9716,77.5946
S0037,2026-07-10,Hyderabad,Warangal,174,Carrier_B,V05,497,Medium,Normal,Normal,6,5.62,0,2114.87,331.98,17.9689,79.5941
S0038,2026-06-13,Hyderabad,Mumbai,722,Carrier_A,V01,352,Medium,Rain,Urgent,13,15.85,1,9016.69,1384.33,19.076,72.8777
S0039,2026-01-16,Hyderabad,Pune,552,Carrier_C,V01,161,Low,Normal,Normal,12,9.97,0,6138.87,961.94,18.5204,73.8567
S0040,2026-07-10,Hyderabad,Warangal,132,Carrier_B,V04,853,Low,Normal,Normal,6,3.0,0,1450.57,168.64,17.9689,79.5941
S0041,2026-01-30,Hyderabad,Bengaluru,564,Carrier_A,V05,599,Medium,Normal,Normal,11,13.18,1,7101.91,615.17,12.9716,77.5946
S0042,2026-06-10,Hyderabad,Chennai,637,Carrier_B,V05,944,Medium,Normal,Urgent,15,13.69,0,7631.49,957.95,13.0827,80.2707
S0043,2026-07-21,Hyderabad,Chennai,625,Carrier_A,V01,714,Low,Rain,High,10,12.41,1,7816.26,1216.06,13.0827,80.2707
S0044,2026-02-23,Hyderabad,Pune,580,Carrier_A,V01,455,Low,Normal,Normal,13,8.76,0,7228.54,1071.09,18.5204,73.8567
S0045,2026-02-07,Hyderabad,Mumbai,701,Carrier_B,V03,853,Low,Normal,High,15,13.39,0,8326.68,675.82,19.076,72.8777
S0046,2026-05-12,Hyderabad,Chennai,655,Carrier_B,V03,230,High,Normal,Normal,14,15.49,1,7618.59,1188.21,13.0827,80.2707
S0047,2026-07-02,Hyderabad,Chennai,621,Carrier_D,V02,260,Low,Normal,Urgent,15,13.35,0,8081.9,729.88,13.0827,80.2707
S0048,2026-07-29,Hyderabad,Visakhapatnam,634,Carrier_B,V04,552,Medium,Normal,High,15,13.72,0,7509.44,1094.45,17.6868,83.2185
S0049,2026-05-01,Hyderabad,Mumbai,690,Carrier_B,V05,943,Low,Normal,Normal,13,15.79,1,8144.82,1172.47,19.076,72.8777
S0050,2026-08-06,Hyderabad,Warangal,172,Carrier_A,V03,205,Low,Normal,High,5,3.17,0,2103.93,249.87,17.9689,79.5941
S0051,2026-08-15,Hyderabad,Mumbai,729,Carrier_B,V02,423,Low,Normal,Normal,17,14.69,0,8654.29,1002.11,19.076,72.8777
S0052,2026-05-18,Hyderabad,Pune,571,Carrier_A,V01,361,Low,Normal,High,11,11.67,1,7154.04,843.59,18.5204,73.8567
S0053,2026-03-05,Hyderabad,Pune,581,Carrier_C,V02,667,Medium,Normal,Normal,10,11.33,1,6418.3,975.4,18.5204,73.8567
S0054,2026-04-05,Hyderabad,Chennai,649,Carrier_A,V03,595,Low,Rain,Normal,15,14.64,0,7930.26,815.29,13.0827,80.2707
S0055,2026-04-04,Hyderabad,Visakhapatnam,645,Carrier_D,V03,795,Low,Normal,Urgent,14,12.65,0,8525.62,1347.09,17.6868,83.2185
S0056,2026-04-23,Hyderabad,Warangal,126,Carrier_C,V01,873,Medium,Normal,Normal,4,3.23,0,1293.24,155.98,17.9689,79.5941
S0057,2026-05-18,Hyderabad,Mumbai,698,Carrier_A,V02,159,Low,Normal,Normal,15,13.83,0,8728.79,1081.39,19.076,72.8777
S0058,2026-03-03,Hyderabad,Mumbai,704,Carrier_A,V02,244,Low,Normal,High,15,12.45,0,8736.25,1348.55,19.076,72.8777
S0059,2026-01-14,Hyderabad,Mumbai,695,Carrier_D,V05,928,High,Normal,Normal,16,15.9,0,9194.35,1320.51,19.076,72.8777
S0060,2026-02-01,Hyderabad,Mumbai,721,Carrier_A,V05,444,Medium,Normal,Normal,18,15.6,0,9088.31,1246.03,19.076,72.8777
S0061,2026-05-14,Hyderabad,Pune,557,Carrier_C,V01,188,Medium,Normal,Normal,14,12.11,0,6075.69,542.87,18.5204,73.8567
S0062,2026-03-07,Hyderabad,Pune,549,Carrier_C,V02,403,High,Normal,High,10,13.66,1,6041.76,582.21,18.5204,73.8567
S0063,2026-03-09,Hyderabad,Chennai,637,Carrier_B,V02,410,Low,Normal,Normal,16,13.22,0,7717.06,917.62,13.0827,80.2707
S0064,2026-05-20,Hyderabad,Mumbai,715,Carrier_C,V03,495,Medium,Normal,High,16,14.47,0,7739.08,1205.61,19.076,72.8777
S0065,2026-02-09,Hyderabad,Chennai,629,Carrier_B,V02,200,Low,Normal,Normal,13,13.61,1,7526.35,1045.53,13.0827,80.2707
S0066,2026-02-22,Hyderabad,Bengaluru,590,Carrier_D,V01,810,Low,Normal,Normal,13,10.43,0,7700.05,849.66,12.9716,77.5946
S0067,2026-06-20,Hyderabad,Bengaluru,570,Carrier_A,V01,496,Low,Normal,Normal,12,9.92,0,7021.39,815.73,12.9716,77.5946
S0068,2026-02-18,Hyderabad,Pune,558,Carrier_B,V03,305,Medium,Normal,Normal,13,12.16,0,6656.87,645.81,18.5204,73.8567
S0069,2026-07-03,Hyderabad,Visakhapatnam,643,Carrier_D,V01,364,Medium,Rain,Normal,15,14.72,0,8398.16,958.59,17.6868,83.2185
S0070,2026-04-24,Hyderabad,Pune,583,Carrier_B,V05,651,Low,Normal,Normal,14,12.93,0,6999.72,806.79,18.5204,73.8567
S0071,2026-02-01,Hyderabad,Warangal,125,Carrier_B,V04,236,Low,Normal,High,6,3.0,0,1551.12,245.56,17.9689,79.5941
S0072,2026-06-11,Hyderabad,Chennai,607,Carrier_D,V01,753,Low,Normal,Normal,12,13.02,1,8051.55,797.54,13.0827,80.2707
S0073,2026-05-10,Hyderabad,Pune,550,Carrier_A,V03,858,Low,Normal,Normal,12,10.63,0,7016.17,753.15,18.5204,73.8567
S0074,2026-07-21,Hyderabad,Pune,554,Carrier_B,V04,513,Medium,Normal,Normal,12,12.39,1,6529.46,595.55,18.5204,73.8567
S0075,2026-07-05,Hyderabad,Warangal,174,Carrier_B,V01,643,Low,Normal,Normal,5,3.31,0,2019.75,320.64,17.9689,79.5941
S0076,2026-04-27,Hyderabad,Vijayawada,260,Carrier_A,V05,527,Medium,Normal,High,6,6.05,1,3195.66,439.77,16.5062,80.648
S0077,2026-02-23,Hyderabad,Chennai,635,Carrier_A,V03,707,High,Normal,Normal,13,13.04,1,7835.13,656.25,13.0827,80.2707
S0078,2026-02-24,Hyderabad,Pune,570,Carrier_A,V05,376,Medium,Normal,High,15,12.63,0,7159.58,1116.5,18.5204,73.8567
S0079,2026-02-09,Hyderabad,Visakhapatnam,627,Carrier_D,V05,650,Low,Normal,Normal,13,12.16,0,8192.49,881.11,17.6868,83.2185
S0080,2026-02-24,Hyderabad,Bengaluru,587,Carrier_B,V05,166,Medium,Normal,Normal,12,14.49,1,6879.04,1073.26,12.9716,77.5946
S0081,2026-01-10,Hyderabad,Bengaluru,552,Carrier_A,V03,687,Medium,Rain,High,10,13.37,1,6982.29,580.61,12.9716,77.5946
S0082,2026-08-11,Hyderabad,Visakhapatnam,615,Carrier_D,V02,876,Medium,Normal,Normal,14,12.51,0,8105.68,1164.2,17.6868,83.2185
S0083,2026-07-02,Hyderabad,Warangal,142,Carrier_A,V03,320,Medium,Normal,High,5,3.3,0,1994.35,213.77,17.9689,79.5941
S0084,2026-06-07,Hyderabad,Visakhapatnam,598,Carrier_A,V01,888,Medium,Normal,Normal,13,11.17,0,7521.84,1125.33,17.6868,83.2185
S0085,2026-07-03,Hyderabad,Pune,552,Carrier_D,V05,897,High,Rain,Urgent,10,13.72,1,7399.15,963.37,18.5204,73.8567
S0086,2026-02-06,Hyderabad,Mumbai,714,Carrier_D,V02,473,Medium,Normal,High,16,15.75,0,9360.42,1284.66,19.076,72.8777
S0087,2026-03-29,Hyderabad,Bengaluru,590,Carrier_A,V05,589,Low,Normal,Normal,15,13.36,0,7252.4,1093.2,12.9716,77.5946
S0088,2026-02-26,Hyderabad,Pune,559,Carrier_D,V02,479,Medium,Normal,Normal,11,11.75,1,7338.5,614.64,18.5204,73.8567
S0089,2026-06-12,Hyderabad,Chennai,607,Carrier_A,V02,722,Medium,Rain,Normal,12,16.24,1,7625.07,768.75,13.0827,80.2707
S0090,2026-01-29,Hyderabad,Chennai,628,Carrier_B,V01,472,High,Normal,Normal,15,13.91,0,7500.45,763.82,13.0827,80.2707
S0091,2026-06-25,Hyderabad,Bengaluru,556,Carrier_A,V02,477,Low,Normal,Urgent,12,10.23,0,6881.73,933.56,12.9716,77.5946
S0092,2026-04-08,Hyderabad,Chennai,652,Carrier_B,V05,472,Medium,Normal,High,14,15.73,1,7651.13,824.98,13.0827,80.2707
S0093,2026-04-10,Hyderabad,Pune,540,Carrier_D,V01,494,Medium,Rain,Normal,11,12.97,1,7051.97,1088.88,18.5204,73.8567
S0094,2026-03-18,Hyderabad,Visakhapatnam,601,Carrier_C,V04,505,High,Rain,Normal,12,14.33,1,6538.7,814.03,17.6868,83.2185
S0095,2026-08-12,Hyderabad,Vijayawada,281,Carrier_A,V02,563,Low,Normal,Normal,8,6.18,0,3527.68,287.41,16.5062,80.648
S0096,2026-05-18,Hyderabad,Chennai,619,Carrier_B,V04,673,High,Normal,Urgent,11,13.84,1,7271.83,620.93,13.0827,80.2707
S0097,2026-05-14,Hyderabad,Warangal,142,Carrier_B,V02,178,High,Severe,Urgent,5,6.97,1,1633.54,133.57,17.9689,79.5941
S0098,2026-06-06,Hyderabad,Visakhapatnam,605,Carrier_B,V03,420,Medium,Normal,Normal,13,11.09,0,6963.1,999.79,17.6868,83.2185
S0099,2026-07-06,Hyderabad,Pune,581,Carrier_A,V02,452,Medium,Normal,Normal,10,11.45,1,7170.74,814.44,18.5204,73.8567
S0100,2026-03-13,Hyderabad,Mumbai,689,Carrier_B,V01,641,High,Normal,High,17,15.78,0,8245.7,971.81,19.076,72.8777
S0101,2026-05-11,Hyderabad,Mumbai,713,Carrier_A,V01,685,Medium,Rain,High,13,14.68,1,8938.36,1373.54,19.076,72.8777
S0102,2026-04-27,Hyderabad,Mumbai,714,Carrier_C,V01,875,Low,Normal,High,16,14.97,0,7668.14,970.46,19.076,72.8777
S0103,2026-01-11,Hyderabad,Chennai,617,Carrier_C,V03,251,Low,Normal,High,16,13.9,0,6784.67,1035.51,13.0827,80.2707
S0104,2026-01-02,Hyderabad,Warangal,141,Carrier_C,V01,391,Low,Normal,Normal,6,3.0,0,1445.18,153.36,17.9689,79.5941
S0105,2026-04-29,Hyderabad,Bengaluru,574,Carrier_A,V05,292,Low,Normal,Normal,13,13.8,1,7226.27,693.81,12.9716,77.5946
S0106,2026-03-25,Hyderabad,Mumbai,687,Carrier_A,V03,839,High,Normal,Normal,16,15.62,0,8573.75,1114.8,19.076,72.8777
S0107,2026-01-25,Hyderabad,Warangal,144,Carrier_C,V03,236,Medium,Normal,High,6,5.2,0,1532.78,202.36,17.9689,79.5941
S0108,2026-04-06,Hyderabad,Vijayawada,295,Carrier_C,V03,872,Low,Normal,High,7,8.16,1,3207.77,315.25,16.5062,80.648
S0109,2026-01-24,Hyderabad,Bengaluru,554,Carrier_B,V04,308,Medium,Normal,Normal,11,12.59,1,6565.34,743.67,12.9716,77.5946
S0110,2026-03-20,Hyderabad,Mumbai,728,Carrier_C,V04,661,Medium,Normal,Normal,16,15.46,0,7941.33,1020.42,19.076,72.8777
S0111,2026-08-10,Hyderabad,Chennai,655,Carrier_C,V02,943,Medium,Rain,Normal,15,15.69,1,7201.66,988.54,13.0827,80.2707
S0112,2026-03-11,Hyderabad,Visakhapatnam,631,Carrier_C,V02,233,High,Normal,Normal,11,14.46,1,6650.02,847.45,17.6868,83.2185
S0113,2026-07-21,Hyderabad,Bengaluru,572,Carrier_B,V01,779,Low,Normal,Normal,13,10.17,0,6727.81,629.59,12.9716,77.5946
S0114,2026-06-14,Hyderabad,Vijayawada,250,Carrier_B,V01,836,Medium,Normal,Urgent,7,5.45,0,2828.99,376.55,16.5062,80.648
S0115,2026-06-10,Hyderabad,Bengaluru,572,Carrier_D,V04,906,High,Normal,Normal,12,13.69,1,7600.74,661.91,12.9716,77.5946
S0116,2026-02-07,Hyderabad,Bengaluru,586,Carrier_B,V04,327,Low,Normal,High,15,12.3,0,6955.07,747.06,12.9716,77.5946
S0117,2026-06-24,Hyderabad,Mumbai,700,Carrier_A,V05,666,High,Normal,Normal,16,16.4,1,8788.71,1380.42,19.076,72.8777
S0118,2026-02-02,Hyderabad,Chennai,647,Carrier_C,V02,494,Medium,Normal,Normal,15,12.97,0,7057.7,953.93,13.0827,80.2707
S0119,2026-07-22,Hyderabad,Bengaluru,592,Carrier_A,V05,906,Medium,Normal,High,10,12.36,1,7379.81,925.14,12.9716,77.5946
S0120,2026-05-23,Hyderabad,Mumbai,722,Carrier_C,V04,604,Medium,Rain,High,16,16.79,1,7945.65,639.31,19.076,72.8777
S0121,2026-01-26,Hyderabad,Bengaluru,563,Carrier_B,V05,926,Low,Normal,Normal,13,12.95,0,6724.19,742.23,12.9716,77.5946
S0122,2026-04-18,Hyderabad,Chennai,633,Carrier_B,V05,492,Low,Normal,Normal,15,14.3,0,7527.41,1091.77,13.0827,80.2707
S0123,2026-01-19,Hyderabad,Pune,557,Carrier_B,V05,938,Medium,Rain,Normal,13,11.27,0,6695.06,792.26,18.5204,73.8567
S0124,2026-03-18,Hyderabad,Chennai,652,Carrier_A,V04,807,Medium,Normal,Urgent,14,13.36,0,8163.08,914.2,13.0827,80.2707
S0125,2026-04-28,Hyderabad,Mumbai,691,Carrier_D,V03,185,Medium,Normal,Normal,14,14.25,1,9046.22,1030.93,19.076,72.8777
S0126,2026-05-02,Hyderabad,Visakhapatnam,639,Carrier_D,V04,932,Medium,Rain,Normal,11,13.51,1,8466.9,1091.2,17.6868,83.2185
S0127,2026-07-02,Hyderabad,Bengaluru,570,Carrier_D,V01,825,Low,Normal,High,13,11.5,0,7569.58,696.22,12.9716,77.5946
S0128,2026-07-20,Hyderabad,Chennai,639,Carrier_A,V01,309,High,Normal,Normal,16,14.91,0,7928.3,1038.9,13.0827,80.2707
S0129,2026-07-07,Hyderabad,Warangal,149,Carrier_C,V01,608,High,Normal,High,6,6.34,1,1579.81,251.66,17.9689,79.5941
S0130,2026-03-01,Hyderabad,Warangal,162,Carrier_A,V02,857,Medium,Normal,Normal,6,3.76,0,1968.1,227.1,17.9689,79.5941
S0131,2026-01-02,Hyderabad,Chennai,631,Carrier_C,V04,279,Medium,Normal,Normal,13,13.23,1,6754.86,1077.61,13.0827,80.2707
S0132,2026-07-09,Hyderabad,Warangal,147,Carrier_B,V02,460,Medium,Normal,Normal,6,4.07,0,1660.95,204.07,17.9689,79.5941
S0133,2026-05-30,Hyderabad,Warangal,141,Carrier_B,V04,298,Low,Severe,Normal,4,4.73,1,1726.95,150.99,17.9689,79.5941
S0134,2026-07-20,Hyderabad,Chennai,620,Carrier_C,V01,490,Medium,Normal,Normal,12,14.19,1,6664.04,717.76,13.0827,80.2707
S0135,2026-02-18,Hyderabad,Bengaluru,567,Carrier_B,V04,639,High,Rain,Normal,14,14.65,1,6842.04,821.68,12.9716,77.5946
S0136,2026-04-01,Hyderabad,Chennai,639,Carrier_B,V05,554,Medium,Normal,High,16,15.17,0,7498.41,613.61,13.0827,80.2707
S0137,2026-05-05,Hyderabad,Chennai,622,Carrier_A,V04,485,Medium,Rain,Normal,13,13.32,1,7840.42,1106.95,13.0827,80.2707
S0138,2026-03-19,Hyderabad,Mumbai,690,Carrier_B,V01,241,Low,Normal,Normal,18,15.91,0,8146.32,854.92,19.076,72.8777
S0139,2026-05-06,Hyderabad,Mumbai,690,Carrier_B,V04,927,Low,Normal,Normal,15,15.26,1,7980.75,773.66,19.076,72.8777
S0140,2026-04-13,Hyderabad,Pune,557,Carrier_C,V01,758,Low,Normal,Normal,15,12.3,0,6021.07,727.07,18.5204,73.8567
S0141,2026-04-02,Hyderabad,Bengaluru,573,Carrier_A,V04,632,Medium,Normal,Normal,11,13.23,1,7241.65,792.39,12.9716,77.5946
S0142,2026-01-13,Hyderabad,Warangal,146,Carrier_D,V05,572,High,Normal,Normal,5,5.1,1,2036.61,263.77,17.9689,79.5941
S0143,2026-04-27,Hyderabad,Vijayawada,270,Carrier_D,V05,457,Low,Normal,Normal,6,6.25,1,3459.36,350.37,16.5062,80.648
S0144,2026-01-17,Hyderabad,Chennai,652,Carrier_A,V02,774,Medium,Normal,Normal,12,15.22,1,8133.25,1272.26,13.0827,80.2707
S0145,2026-07-19,Hyderabad,Bengaluru,592,Carrier_D,V02,925,Low,Rain,Normal,12,13.34,1,7765.94,1177.39,12.9716,77.5946
S0146,2026-04-19,Hyderabad,Bengaluru,567,Carrier_C,V04,236,Medium,Normal,High,10,12.37,1,6187.5,849.58,12.9716,77.5946
S0147,2026-04-06,Hyderabad,Pune,539,Carrier_A,V01,410,Medium,Normal,Normal,11,10.36,0,6833.06,847.09,18.5204,73.8567
S0148,2026-08-05,Hyderabad,Chennai,621,Carrier_A,V04,739,Low,Rain,Normal,14,13.55,0,7742.43,662.29,13.0827,80.2707
S0149,2026-01-11,Hyderabad,Chennai,614,Carrier_B,V02,437,Medium,Normal,Urgent,15,14.06,0,7285.83,965.51,13.0827,80.2707
S0150,2026-08-15,Hyderabad,Chennai,613,Carrier_B,V02,262,Low,Normal,Normal,13,12.18,0,7211.25,949.47,13.0827,80.2707
S0151,2026-07-22,Hyderabad,Chennai,616,Carrier_D,V01,812,High,Normal,High,14,14.62,1,8189.99,1085.12,13.0827,80.2707
S0152,2026-06-14,Hyderabad,Warangal,146,Carrier_C,V01,610,Medium,Normal,Normal,6,3.25,0,1588.22,179.59,17.9689,79.5941
S0153,2026-04-18,Hyderabad,Vijayawada,268,Carrier_C,V03,805,Low,Normal,Normal,6,4.72,0,2902.57,420.7,16.5062,80.648
S0154,2026-01-13,Hyderabad,Vijayawada,289,Carrier_D,V04,215,Low,Rain,High,8,7.48,0,3861.51,418.71,16.5062,80.648
S0155,2026-03-11,Hyderabad,Bengaluru,570,Carrier_B,V02,904,Medium,Rain,Normal,14,13.19,0,6815.77,1004.36,12.9716,77.5946
S0156,2026-06-23,Hyderabad,Pune,581,Carrier_D,V04,554,Medium,Normal,High,14,11.37,0,7528.34,619.78,18.5204,73.8567
S0157,2026-06-07,Hyderabad,Mumbai,704,Carrier_A,V05,915,Medium,Rain,Normal,16,15.07,0,8774.65,1043.55,19.076,72.8777
S0158,2026-06-22,Hyderabad,Chennai,623,Carrier_C,V04,853,Medium,Normal,Normal,15,14.55,0,6867.12,835.21,13.0827,80.2707
S0159,2026-08-07,Hyderabad,Mumbai,717,Carrier_A,V01,809,Low,Normal,Normal,17,13.27,0,9110.83,1301.5,19.076,72.8777
S0160,2026-04-19,Hyderabad,Visakhapatnam,605,Carrier_B,V04,859,Medium,Rain,Normal,13,14.24,1,7273.04,883.28,17.6868,83.2185
S0161,2026-01-04,Hyderabad,Pune,569,Carrier_D,V02,505,Medium,Rain,High,11,13.7,1,7622.04,691.15,18.5204,73.8567
S0162,2026-02-05,Hyderabad,Warangal,159,Carrier_C,V02,745,Medium,Normal,High,5,3.97,0,1757.24,232.93,17.9689,79.5941
S0163,2026-03-11,Hyderabad,Vijayawada,291,Carrier_A,V04,767,Low,Normal,Normal,6,5.08,0,3563.67,525.94,16.5062,80.648
S0164,2026-07-22,Hyderabad,Mumbai,727,Carrier_A,V04,548,Low,Rain,Normal,16,14.34,0,9005.37,736.15,19.076,72.8777
S0165,2026-05-08,Hyderabad,Mumbai,726,Carrier_A,V05,520,Medium,Rain,Normal,14,15.73,1,9123.86,1439.38,19.076,72.8777
S0166,2026-07-05,Hyderabad,Mumbai,717,Carrier_B,V01,722,Low,Normal,Normal,12,14.39,1,8673.65,1290.74,19.076,72.8777
S0167,2026-05-24,Hyderabad,Pune,551,Carrier_A,V01,215,Medium,Normal,High,10,12.38,1,6816.78,598.55,18.5204,73.8567
S0168,2026-06-03,Hyderabad,Pune,558,Carrier_C,V04,540,Medium,Normal,Normal,13,11.39,0,6198.79,928.4,18.5204,73.8567
S0169,2026-05-11,Hyderabad,Visakhapatnam,616,Carrier_C,V04,596,Low,Normal,High,12,14.75,1,6744.79,837.71,17.6868,83.2185
S0170,2026-06-13,Hyderabad,Mumbai,719,Carrier_B,V04,657,Low,Normal,High,18,15.14,0,8369.14,1200.37,19.076,72.8777
S0171,2026-01-27,Hyderabad,Vijayawada,296,Carrier_C,V01,536,Low,Rain,Normal,9,6.49,0,3243.42,353.69,16.5062,80.648
S0172,2026-02-01,Hyderabad,Chennai,632,Carrier_A,V01,515,Low,Normal,High,13,12.37,0,7806.94,676.68,13.0827,80.2707
S0173,2026-01-25,Hyderabad,Bengaluru,589,Carrier_D,V01,789,High,Normal,Normal,15,14.38,0,7853.66,636.21,12.9716,77.5946
S0174,2026-06-21,Hyderabad,Pune,554,Carrier_B,V01,795,High,Normal,High,13,14.03,1,6561.54,897.75,18.5204,73.8567
S0175,2026-06-10,Hyderabad,Bengaluru,588,Carrier_B,V04,909,Low,Normal,High,14,10.2,0,6951.33,604.59,12.9716,77.5946
S0176,2026-04-01,Hyderabad,Vijayawada,290,Carrier_B,V02,800,Medium,Normal,Normal,9,7.93,0,3463.08,510.8,16.5062,80.648
S0177,2026-07-10,Hyderabad,Pune,550,Carrier_A,V05,908,Low,Normal,Normal,10,11.16,1,6794.48,695.36,18.5204,73.8567
S0178,2026-04-09,Hyderabad,Pune,581,Carrier_C,V01,550,Low,Normal,Normal,15,12.94,0,6347.27,896.77,18.5204,73.8567
S0179,2026-02-04,Hyderabad,Mumbai,735,Carrier_C,V02,650,High,Normal,Normal,19,17.04,0,7829.34,968.74,19.076,72.8777
S0180,2026-01-28,Hyderabad,Pune,554,Carrier_D,V03,575,Low,Normal,Normal,11,10.57,0,7257.09,986.57,18.5204,73.8567
S0181,2026-03-30,Hyderabad,Mumbai,703,Carrier_D,V01,822,High,Normal,High,17,15.68,0,9251.65,1087.08,19.076,72.8777
S0182,2026-05-07,Hyderabad,Warangal,165,Carrier_B,V03,747,Low,Normal,Normal,4,3.66,0,2018.93,305.63,17.9689,79.5941
S0183,2026-06-21,Hyderabad,Visakhapatnam,643,Carrier_A,V05,425,Low,Normal,Normal,15,13.61,0,8106.24,791.32,17.6868,83.2185
S0184,2026-02-16,Hyderabad,Bengaluru,553,Carrier_C,V01,587,Medium,Rain,High,14,11.16,0,6081.93,698.01,12.9716,77.5946
S0185,2026-03-17,Hyderabad,Visakhapatnam,623,Carrier_C,V02,689,Low,Rain,Normal,15,14.0,0,6879.42,679.24,17.6868,83.2185
S0186,2026-08-06,Hyderabad,Vijayawada,251,Carrier_D,V04,722,Low,Normal,Urgent,6,6.03,1,3295.96,388.26,16.5062,80.648
S0187,2026-02-18,Hyderabad,Pune,576,Carrier_A,V04,838,High,Normal,Normal,15,13.23,0,7260.8,880.92,18.5204,73.8567
S0188,2026-02-06,Hyderabad,Warangal,144,Carrier_A,V03,382,Low,Normal,High,4,3.0,0,1809.2,202.2,17.9689,79.5941
S0189,2026-06-17,Hyderabad,Bengaluru,595,Carrier_C,V05,707,High,Normal,Normal,13,13.67,1,6438.28,600.15,12.9716,77.5946
S0190,2026-06-24,Hyderabad,Mumbai,729,Carrier_C,V05,580,Medium,Normal,High,12,14.26,1,7957.84,674.52,19.076,72.8777
S0191,2026-05-23,Hyderabad,Mumbai,688,Carrier_C,V02,481,Low,Normal,Normal,14,16.39,1,7459.93,644.64,19.076,72.8777
S0192,2026-04-03,Hyderabad,Bengaluru,585,Carrier_D,V05,816,Medium,Rain,Normal,13,13.18,1,7696.61,1071.97,12.9716,77.5946
S0193,2026-06-02,Hyderabad,Warangal,141,Carrier_D,V02,198,Medium,Normal,Normal,4,4.47,1,1845.53,179.54,17.9689,79.5941
S0194,2026-07-14,Hyderabad,Visakhapatnam,615,Carrier_D,V04,513,Medium,Normal,High,16,14.41,0,8064.35,1160.22,17.6868,83.2185
S0195,2026-06-14,Hyderabad,Pune,557,Carrier_D,V01,439,Low,Normal,Normal,13,11.77,0,7442.54,694.75,18.5204,73.8567
S0196,2026-06-11,Hyderabad,Visakhapatnam,595,Carrier_A,V01,725,High,Normal,Normal,11,14.42,1,7543.61,969.07,17.6868,83.2185
S0197,2026-04-17,Hyderabad,Mumbai,715,Carrier_B,V01,815,Medium,Normal,Normal,19,17.18,0,8437.51,701.32,19.076,72.8777
S0198,2026-04-23,Hyderabad,Pune,540,Carrier_A,V02,935,Medium,Normal,Normal,13,11.39,0,6723.29,982.52,18.5204,73.8567
S0199,2026-05-11,Hyderabad,Vijayawada,266,Carrier_A,V04,528,Low,Normal,Normal,7,7.08,1,3503.5,515.31,16.5062,80.648
S0200,2026-05-05,Hyderabad,Chennai,655,Carrier_D,V05,753,Low,Normal,High,13,14.12,1,8746.82,1107.69,13.0827,80.2707
S0201,2026-01-08,Hyderabad,Pune,545,Carrier_A,V02,314,Low,Rain,High,13,13.09,1,6761.75,936.27,18.5204,73.8567
S0202,2026-08-08,Hyderabad,Mumbai,720,Carrier_D,V05,810,High,Normal,Normal,15,15.61,1,9336.17,1303.97,19.076,72.8777
S0203,2026-04-12,Hyderabad,Vijayawada,290,Carrier_C,V04,731,High,Rain,Normal,9,8.84,0,3192.24,405.73,16.5062,80.648
S0204,2026-04-19,Hyderabad,Pune,545,Carrier_A,V03,900,High,Normal,High,12,10.61,0,6675.5,840.33,18.5204,73.8567
S0205,2026-07-27,Hyderabad,Pune,542,Carrier_A,V01,850,High,Normal,High,11,12.38,1,6539.77,1007.85,18.5204,73.8567
S0206,2026-02-26,Hyderabad,Chennai,626,Carrier_B,V05,696,Medium,Normal,Normal,16,14.82,0,7344.28,711.34,13.0827,80.2707
S0207,2026-05-16,Hyderabad,Warangal,174,Carrier_A,V03,698,Medium,Rain,Normal,6,6.07,1,2216.29,178.31,17.9689,79.5941
S0208,2026-03-13,Hyderabad,Vijayawada,250,Carrier_D,V01,507,Medium,Normal,Normal,6,5.79,0,3240.41,338.59,16.5062,80.648
S0209,2026-04-12,Hyderabad,Pune,579,Carrier_C,V05,895,Medium,Normal,Normal,12,11.53,0,6337.99,629.86,18.5204,73.8567
S0210,2026-02-22,Hyderabad,Mumbai,697,Carrier_A,V02,176,Medium,Normal,High,16,14.65,0,8674.83,709.27,19.076,72.8777
S0211,2026-02-21,Hyderabad,Visakhapatnam,624,Carrier_A,V01,633,High,Normal,Normal,13,12.1,0,7814.71,1015.78,17.6868,83.2185
S0212,2026-04-08,Hyderabad,Mumbai,712,Carrier_C,V02,439,Low,Normal,Normal,16,14.12,0,7885.37,715.25,19.076,72.8777
S0213,2026-06-18,Hyderabad,Visakhapatnam,643,Carrier_A,V04,237,Low,Normal,Normal,16,15.0,0,7954.87,1170.54,17.6868,83.2185
S0214,2026-07-17,Hyderabad,Warangal,153,Carrier_A,V01,290,High,Rain,Normal,4,5.9,1,1997.3,227.27,17.9689,79.5941
S0215,2026-01-17,Hyderabad,Mumbai,707,Carrier_C,V01,685,Medium,Normal,Normal,13,15.42,1,7805.19,1099.62,19.076,72.8777
S0216,2026-05-26,Hyderabad,Mumbai,705,Carrier_C,V01,702,Medium,Normal,Urgent,18,14.94,0,7682.09,907.08,19.076,72.8777
S0217,2026-06-22,Hyderabad,Warangal,131,Carrier_C,V01,249,Medium,Normal,High,4,4.06,1,1336.79,179.43,17.9689,79.5941
S0218,2026-01-13,Hyderabad,Vijayawada,267,Carrier_A,V04,401,Medium,Severe,Normal,6,9.7,1,3258.11,271.86,16.5062,80.648
S0219,2026-05-11,Hyderabad,Bengaluru,588,Carrier_D,V02,287,Low,Normal,Normal,12,11.37,0,7826.65,645.81,12.9716,77.5946
S0220,2026-04-02,Hyderabad,Visakhapatnam,618,Carrier_B,V04,836,Medium,Rain,Normal,16,14.27,0,7417.61,723.84,17.6868,83.2185
S0221,2026-07-27,Hyderabad,Chennai,646,Carrier_D,V05,787,Medium,Rain,Normal,17,15.3,0,8651.12,1087.03,13.0827,80.2707
S0222,2026-04-14,Hyderabad,Pune,541,Carrier_C,V05,363,High,Normal,Normal,9,11.35,1,5960.02,549.43,18.5204,73.8567
S0223,2026-07-31,Hyderabad,Pune,568,Carrier_C,V05,794,Medium,Normal,Normal,13,12.29,0,6193.23,758.42,18.5204,73.8567
S0224,2026-06-30,Hyderabad,Chennai,626,Carrier_C,V04,488,Low,Normal,Normal,12,14.83,1,6868.02,630.19,13.0827,80.2707
S0225,2026-04-24,Hyderabad,Mumbai,695,Carrier_B,V04,835,Low,Normal,Urgent,14,15.48,1,8194.92,696.37,19.076,72.8777
S0226,2026-03-03,Hyderabad,Vijayawada,260,Carrier_B,V01,602,Low,Normal,Normal,6,5.57,0,3056.17,396.3,16.5062,80.648
S0227,2026-01-16,Hyderabad,Warangal,170,Carrier_C,V02,641,Medium,Normal,Normal,6,4.94,0,1882.69,295.3,17.9689,79.5941
S0228,2026-04-18,Hyderabad,Mumbai,710,Carrier_D,V03,303,Medium,Normal,Normal,14,13.65,0,9326.19,756.68,19.076,72.8777
S0229,2026-04-04,Hyderabad,Pune,568,Carrier_C,V05,501,Medium,Normal,Urgent,11,12.28,1,6165.78,646.17,18.5204,73.8567
S0230,2026-06-25,Hyderabad,Bengaluru,564,Carrier_B,V01,471,Medium,Rain,Normal,15,13.52,0,6703.56,812.3,12.9716,77.5946
S0231,2026-04-03,Hyderabad,Pune,563,Carrier_A,V03,278,Medium,Normal,Normal,14,13.18,0,7023.0,587.07,18.5204,73.8567
S0232,2026-03-09,Hyderabad,Visakhapatnam,614,Carrier_B,V04,842,Medium,Rain,Urgent,15,14.7,0,7197.82,782.3,17.6868,83.2185
S0233,2026-05-19,Hyderabad,Bengaluru,570,Carrier_A,V02,882,High,Normal,Normal,11,14.15,1,7109.85,814.15,12.9716,77.5946
S0234,2026-03-25,Hyderabad,Pune,560,Carrier_B,V04,281,Medium,Normal,Normal,11,11.19,1,6696.25,976.67,18.5204,73.8567
S0235,2026-05-09,Hyderabad,Visakhapatnam,623,Carrier_B,V05,420,Low,Normal,Normal,15,13.18,0,7462.21,1122.02,17.6868,83.2185
S0236,2026-04-26,Hyderabad,Pune,574,Carrier_A,V03,620,Low,Normal,High,11,12.11,1,7279.83,608.83,18.5204,73.8567
S0237,2026-02-16,Hyderabad,Visakhapatnam,635,Carrier_D,V05,533,Low,Normal,Normal,16,13.42,0,8295.13,664.59,17.6868,83.2185
S0238,2026-05-03,Hyderabad,Mumbai,720,Carrier_D,V03,355,Medium,Rain,Normal,17,17.45,1,9425.51,848.56,19.076,72.8777
S0239,2026-01-17,Hyderabad,Visakhapatnam,615,Carrier_D,V05,159,Low,Normal,Normal,15,10.75,0,8128.65,963.65,17.6868,83.2185
S0240,2026-06-16,Hyderabad,Mumbai,705,Carrier_D,V01,253,Medium,Rain,High,16,16.74,1,9341.89,882.02,19.076,72.8777
S0241,2026-03-22,Hyderabad,Pune,573,Carrier_D,V02,457,High,Normal,Normal,16,14.23,0,7526.82,696.88,18.5204,73.8567
S0242,2026-05-12,Hyderabad,Visakhapatnam,595,Carrier_C,V05,419,Low,Normal,Normal,13,12.43,0,6509.49,959.9,17.6868,83.2185
S0243,2026-03-21,Hyderabad,Pune,567,Carrier_B,V01,632,High,Normal,Normal,14,12.74,0,6712.12,1048.42,18.5204,73.8567
S0244,2026-01-16,Hyderabad,Pune,554,Carrier_D,V01,524,Medium,Normal,Normal,11,10.79,0,7313.02,919.54,18.5204,73.8567
S0245,2026-06-05,Hyderabad,Visakhapatnam,610,Carrier_D,V02,246,Low,Normal,Normal,13,12.41,0,7949.59,909.78,17.6868,83.2185
S0246,2026-07-01,Hyderabad,Warangal,157,Carrier_C,V03,438,Low,Normal,High,6,3.66,0,1667.44,219.0,17.9689,79.5941
S0247,2026-03-03,Hyderabad,Visakhapatnam,623,Carrier_C,V03,719,Low,Normal,Normal,14,12.28,0,6796.9,605.36,17.6868,83.2185
S0248,2026-03-15,Hyderabad,Bengaluru,564,Carrier_C,V02,663,Medium,Normal,Normal,15,12.99,0,6031.63,621.24,12.9716,77.5946
S0249,2026-02-22,Hyderabad,Warangal,163,Carrier_D,V03,516,Low,Rain,Normal,5,4.03,0,2301.25,285.98,17.9689,79.5941
S0250,2026-05-29,Hyderabad,Chennai,614,Carrier_C,V03,811,Medium,Normal,Normal,14,14.83,1,6614.4,1026.06,13.0827,80.2707
S0251,2026-02-15,Hyderabad,Pune,568,Carrier_C,V04,799,Low,Normal,Normal,14,12.18,0,6249.01,699.41,18.5204,73.8567
S0252,2026-03-14,Hyderabad,Chennai,614,Carrier_C,V01,793,Low,Normal,Normal,14,12.12,0,6758.68,775.57,13.0827,80.2707
S0253,2026-03-04,Hyderabad,Pune,551,Carrier_A,V04,629,Medium,Normal,High,14,13.34,0,6928.5,1059.52,18.5204,73.8567
S0254,2026-05-18,Hyderabad,Bengaluru,587,Carrier_A,V05,755,Low,Normal,Normal,12,12.51,1,7417.27,1157.98,12.9716,77.5946
S0255,2026-07-28,Hyderabad,Chennai,640,Carrier_D,V03,925,High,Normal,Normal,14,14.95,1,8518.98,728.17,13.0827,80.2707
S0256,2026-06-17,Hyderabad,Bengaluru,569,Carrier_A,V03,337,Low,Rain,Urgent,13,12.31,0,7093.53,1040.56,12.9716,77.5946
S0257,2026-04-17,Hyderabad,Mumbai,721,Carrier_B,V03,405,Medium,Normal,Normal,15,13.83,0,8541.97,961.92,19.076,72.8777
S0258,2026-07-14,Hyderabad,Warangal,139,Carrier_A,V04,170,Low,Normal,Normal,6,4.04,0,1744.32,243.76,17.9689,79.5941
S0259,2026-03-29,Hyderabad,Vijayawada,284,Carrier_D,V03,468,Medium,Normal,Urgent,6,5.57,0,3777.07,325.32,16.5062,80.648
S0260,2026-05-30,Hyderabad,Bengaluru,580,Carrier_D,V05,258,Medium,Normal,Normal,13,13.55,1,7633.06,917.88,12.9716,77.5946
S0261,2026-02-15,Hyderabad,Bengaluru,567,Carrier_D,V02,748,Medium,Rain,High,10,12.44,1,7513.12,708.79,12.9716,77.5946
S0262,2026-06-09,Hyderabad,Mumbai,701,Carrier_A,V05,870,Medium,Rain,Normal,14,15.24,1,8615.42,974.71,19.076,72.8777
S0263,2026-04-28,Hyderabad,Chennai,614,Carrier_D,V02,907,Medium,Normal,Normal,15,13.33,0,8064.02,817.76,13.0827,80.2707
S0264,2026-05-09,Hyderabad,Visakhapatnam,603,Carrier_C,V03,503,Medium,Normal,Normal,13,12.25,0,6615.47,747.26,17.6868,83.2185
S0265,2026-01-07,Hyderabad,Chennai,652,Carrier_A,V05,943,Medium,Normal,Normal,13,14.34,1,8202.09,1243.88,13.0827,80.2707
S0266,2026-01-25,Hyderabad,Chennai,605,Carrier_B,V05,943,Low,Rain,Normal,15,14.61,0,7215.68,723.46,13.0827,80.2707
S0267,2026-06-22,Hyderabad,Warangal,153,Carrier_C,V01,808,Medium,Rain,Normal,5,5.02,1,1782.11,264.46,17.9689,79.5941
S0268,2026-02-26,Hyderabad,Visakhapatnam,640,Carrier_B,V05,484,Low,Rain,Urgent,17,15.29,0,7372.25,629.04,17.6868,83.2185
S0269,2026-02-28,Hyderabad,Bengaluru,557,Carrier_A,V02,355,Medium,Normal,Urgent,12,11.25,0,6907.4,758.45,12.9716,77.5946
S0270,2026-03-02,Hyderabad,Visakhapatnam,605,Carrier_B,V03,820,Medium,Normal,Normal,16,13.72,0,7307.81,1054.95,17.6868,83.2185
S0271,2026-02-13,Hyderabad,Visakhapatnam,602,Carrier_A,V04,634,Medium,Normal,Normal,14,14.08,1,7586.86,732.73,17.6868,83.2185
S0272,2026-08-02,Hyderabad,Vijayawada,258,Carrier_B,V04,639,Low,Normal,Normal,6,4.93,0,3203.58,404.63,16.5062,80.648
S0273,2026-05-19,Hyderabad,Warangal,137,Carrier_A,V02,865,Medium,Normal,Normal,4,4.54,1,1735.33,239.38,17.9689,79.5941
S0274,2026-07-14,Hyderabad,Visakhapatnam,596,Carrier_B,V02,388,Low,Normal,Normal,10,12.26,1,6859.49,898.19,17.6868,83.2185
S0275,2026-01-23,Hyderabad,Warangal,156,Carrier_A,V05,356,Low,Normal,Normal,5,3.85,0,1851.4,263.35,17.9689,79.5941
S0276,2026-03-01,Hyderabad,Visakhapatnam,631,Carrier_A,V04,824,Medium,Normal,Normal,16,13.29,0,7762.4,1132.89,17.6868,83.2185
S0277,2026-02-07,Hyderabad,Warangal,170,Carrier_C,V01,331,High,Normal,Urgent,5,5.52,1,1878.29,256.48,17.9689,79.5941
S0278,2026-07-01,Hyderabad,Pune,565,Carrier_D,V03,608,Medium,Normal,Normal,10,11.11,1,7509.08,817.24,18.5204,73.8567
S0279,2026-07-05,Hyderabad,Pune,582,Carrier_A,V04,356,Low,Normal,Normal,13,10.31,0,7364.07,890.54,18.5204,73.8567
S0280,2026-07-30,Hyderabad,Pune,555,Carrier_D,V05,814,Medium,Normal,Normal,10,12.26,1,7419.58,729.42,18.5204,73.8567
S0281,2026-07-22,Hyderabad,Visakhapatnam,622,Carrier_D,V02,827,Medium,Normal,Urgent,14,12.96,0,8254.35,1052.04,17.6868,83.2185
S0282,2026-03-06,Hyderabad,Pune,552,Carrier_D,V03,607,Low,Rain,Normal,13,13.22,1,7290.73,906.78,18.5204,73.8567
S0283,2026-08-10,Hyderabad,Visakhapatnam,616,Carrier_B,V04,445,Medium,Normal,High,16,15.23,0,7337.12,1058.19,17.6868,83.2185
S0284,2026-01-29,Hyderabad,Warangal,154,Carrier_B,V02,299,High,Normal,High,6,5.14,0,1793.17,244.25,17.9689,79.5941
S0285,2026-03-14,Hyderabad,Chennai,620,Carrier_A,V04,237,Medium,Normal,Normal,13,11.6,0,7869.36,1186.44,13.0827,80.2707
S0286,2026-01-12,Hyderabad,Pune,576,Carrier_A,V05,892,Medium,Normal,Normal,14,11.24,0,7226.35,829.81,18.5204,73.8567
S0287,2026-06-09,Hyderabad,Bengaluru,574,Carrier_C,V02,507,Low,Normal,High,13,12.12,0,6154.82,956.4,12.9716,77.5946
S0288,2026-03-01,Hyderabad,Mumbai,687,Carrier_B,V04,242,High,Normal,Normal,18,17.0,0,8067.88,795.5,19.076,72.8777
S0289,2026-05-10,Hyderabad,Chennai,640,Carrier_A,V01,525,Medium,Normal,Normal,14,12.73,0,7925.86,686.53,13.0827,80.2707
S0290,2026-03-06,Hyderabad,Visakhapatnam,640,Carrier_B,V04,595,Medium,Normal,Normal,16,14.04,0,7471.68,1120.99,17.6868,83.2185
S0291,2026-07-26,Hyderabad,Visakhapatnam,636,Carrier_D,V02,548,Low,Normal,Normal,12,13.44,1,8396.88,805.59,17.6868,83.2185
S0292,2026-07-07,Hyderabad,Visakhapatnam,611,Carrier_A,V05,577,Medium,Rain,Normal,15,15.27,1,7606.05,1026.54,17.6868,83.2185
S0293,2026-04-05,Hyderabad,Visakhapatnam,610,Carrier_A,V02,337,Low,Normal,High,12,13.6,1,7524.59,896.71,17.6868,83.2185
S0294,2026-05-30,Hyderabad,Warangal,137,Carrier_A,V01,907,Medium,Normal,Normal,6,3.27,0,1655.3,241.77,17.9689,79.5941
S0295,2026-05-07,Hyderabad,Vijayawada,255,Carrier_B,V01,851,Low,Rain,Normal,8,7.46,0,3024.53,481.15,16.5062,80.648
S0296,2026-08-13,Hyderabad,Bengaluru,564,Carrier_A,V05,486,Low,Normal,Normal,10,11.09,1,7148.32,658.82,12.9716,77.5946
S0297,2026-06-05,Hyderabad,Bengaluru,568,Carrier_B,V01,930,Medium,Rain,Normal,14,13.26,0,6643.77,780.28,12.9716,77.5946
S0298,2026-02-24,Hyderabad,Bengaluru,562,Carrier_C,V02,755,Medium,Normal,Urgent,14,12.6,0,6274.01,604.54,12.9716,77.5946
S0299,2026-01-01,Hyderabad,Bengaluru,559,Carrier_B,V04,798,High,Normal,Normal,15,14.35,0,6555.23,964.5,12.9716,77.5946
S0300,2026-02-11,Hyderabad,Mumbai,700,Carrier_A,V02,417,Low,Normal,High,16,14.43,0,8810.05,972.45,19.076,72.8777
S0301,2026-07-11,Hyderabad,Warangal,155,Carrier_A,V03,763,Medium,Normal,High,4,3.89,0,1990.99,162.33,17.9689,79.5941
S0302,2026-07-03,Hyderabad,Pune,583,Carrier_B,V01,422,Low,Normal,Normal,14,11.33,0,6895.07,912.02,18.5204,73.8567
S0303,2026-07-07,Hyderabad,Warangal,175,Carrier_A,V05,254,Medium,Normal,Urgent,6,5.82,0,2148.78,231.53,17.9689,79.5941
S0304,2026-05-12,Hyderabad,Warangal,159,Carrier_C,V04,621,Low,Normal,High,6,3.99,0,1751.48,192.31,17.9689,79.5941
S0305,2026-03-14,Hyderabad,Warangal,171,Carrier_A,V01,659,Low,Normal,Normal,4,3.42,0,1898.21,160.98,17.9689,79.5941
S0306,2026-05-20,Hyderabad,Chennai,623,Carrier_C,V02,500,High,Rain,High,15,16.07,1,6930.49,752.25,13.0827,80.2707
S0307,2026-05-23,Hyderabad,Visakhapatnam,619,Carrier_A,V01,630,Medium,Rain,Normal,11,13.01,1,7770.37,694.31,17.6868,83.2185
S0308,2026-01-18,Hyderabad,Chennai,619,Carrier_A,V04,620,Medium,Normal,Normal,14,13.03,0,7794.71,1034.3,13.0827,80.2707
S0309,2026-02-25,Hyderabad,Vijayawada,289,Carrier_D,V03,842,Low,Normal,Normal,6,5.53,0,3822.27,447.66,16.5062,80.648
S0310,2026-07-19,Hyderabad,Pune,539,Carrier_D,V05,751,Low,Normal,High,15,12.35,0,7281.26,1042.38,18.5204,73.8567
S0311,2026-01-22,Hyderabad,Visakhapatnam,622,Carrier_B,V05,737,High,Normal,Urgent,16,14.36,0,7327.92,893.18,17.6868,83.2185
S0312,2026-03-31,Hyderabad,Vijayawada,291,Carrier_C,V01,934,Low,Rain,High,8,6.32,0,3060.13,325.15,16.5062,80.648
S0313,2026-06-12,Hyderabad,Vijayawada,297,Carrier_A,V01,418,Medium,Rain,Normal,8,8.14,1,3749.43,437.67,16.5062,80.648
S0314,2026-01-14,Hyderabad,Mumbai,733,Carrier_A,V02,295,Medium,Normal,Urgent,16,16.67,1,9063.2,965.85,19.076,72.8777
S0315,2026-04-14,Hyderabad,Warangal,139,Carrier_A,V04,271,Medium,Rain,High,6,5.24,0,1573.5,230.82,17.9689,79.5941
S0316,2026-05-24,Hyderabad,Vijayawada,299,Carrier_B,V03,336,Low,Normal,Normal,8,5.75,0,3544.55,291.83,16.5062,80.648
S0317,2026-04-13,Hyderabad,Warangal,152,Carrier_A,V02,653,Medium,Normal,Normal,5,4.68,0,1860.26,217.97,17.9689,79.5941
S0318,2026-05-14,Hyderabad,Chennai,634,Carrier_B,V03,812,Medium,Normal,High,12,14.4,1,7525.44,1103.49,13.0827,80.2707
S0319,2026-04-30,Hyderabad,Chennai,608,Carrier_A,V04,361,Medium,Normal,Normal,14,12.62,0,7628.99,741.66,13.0827,80.2707
S0320,2026-07-12,Hyderabad,Pune,545,Carrier_B,V02,603,Medium,Normal,Normal,15,12.84,0,6401.76,737.78,18.5204,73.8567
S0321,2026-05-05,Hyderabad,Mumbai,697,Carrier_B,V03,940,High,Normal,Normal,13,15.06,1,8253.51,703.66,19.076,72.8777
S0322,2026-04-29,Hyderabad,Visakhapatnam,617,Carrier_B,V04,643,Medium,Normal,Normal,12,13.83,1,7300.72,813.65,17.6868,83.2185
S0323,2026-02-23,Hyderabad,Visakhapatnam,642,Carrier_A,V03,270,Low,Normal,Normal,15,12.59,0,7996.36,908.15,17.6868,83.2185
S0324,2026-03-18,Hyderabad,Pune,585,Carrier_A,V01,447,Low,Normal,Normal,16,12.77,0,7392.87,939.4,18.5204,73.8567
S0325,2026-02-12,Hyderabad,Mumbai,710,Carrier_D,V02,161,Low,Normal,Normal,16,13.87,0,9201.82,1038.33,19.076,72.8777
S0326,2026-07-21,Hyderabad,Bengaluru,580,Carrier_A,V01,812,Medium,Rain,Normal,13,14.0,1,7220.46,699.59,12.9716,77.5946
S0327,2026-01-29,Hyderabad,Visakhapatnam,631,Carrier_A,V04,176,Medium,Normal,High,11,13.01,1,7836.78,1197.96,17.6868,83.2185
S0328,2026-08-09,Hyderabad,Mumbai,686,Carrier_C,V04,576,Medium,Normal,Normal,14,17.36,1,7408.64,972.91,19.076,72.8777
S0329,2026-03-23,Hyderabad,Mumbai,731,Carrier_D,V04,437,Low,Normal,Normal,14,16.23,1,9690.45,1414.3,19.076,72.8777
S0330,2026-06-08,Hyderabad,Vijayawada,286,Carrier_A,V03,296,Low,Normal,Urgent,9,6.71,0,3338.75,312.26,16.5062,80.648
S0331,2026-06-16,Hyderabad,Pune,565,Carrier_B,V05,293,Low,Normal,Normal,11,10.64,0,6604.24,869.04,18.5204,73.8567
S0332,2026-04-18,Hyderabad,Vijayawada,260,Carrier_B,V01,767,Medium,Rain,Normal,6,7.15,1,3010.06,449.24,16.5062,80.648
S0333,2026-02-11,Hyderabad,Pune,577,Carrier_A,V02,530,High,Normal,Normal,14,11.99,0,7184.98,841.54,18.5204,73.8567
S0334,2026-03-30,Hyderabad,Bengaluru,586,Carrier_C,V01,311,Low,Normal,Normal,16,12.76,0,6414.79,607.33,12.9716,77.5946
S0335,2026-06-04,Hyderabad,Chennai,616,Carrier_B,V01,785,Low,Normal,High,14,12.86,0,7261.18,1001.61,13.0827,80.2707
S0336,2026-06-11,Hyderabad,Chennai,633,Carrier_C,V02,807,Medium,Normal,Normal,13,15.67,1,6731.16,607.14,13.0827,80.2707
S0337,2026-07-14,Hyderabad,Chennai,649,Carrier_B,V04,297,Low,Normal,High,15,12.76,0,7742.85,1205.36,13.0827,80.2707
S0338,2026-02-01,Hyderabad,Visakhapatnam,610,Carrier_A,V03,466,Low,Normal,Normal,13,12.97,0,7525.35,808.36,17.6868,83.2185
S0339,2026-01-17,Hyderabad,Visakhapatnam,641,Carrier_A,V01,394,Medium,Normal,High,14,12.74,0,7927.47,1085.83,17.6868,83.2185
S0340,2026-05-09,Hyderabad,Mumbai,704,Carrier_A,V05,880,Medium,Normal,Normal,17,15.81,0,8672.89,860.56,19.076,72.8777
S0341,2026-06-06,Hyderabad,Mumbai,723,Carrier_A,V03,278,High,Normal,Normal,15,15.03,1,9118.67,1023.26,19.076,72.8777
S0342,2026-01-19,Hyderabad,Mumbai,732,Carrier_C,V05,828,Low,Normal,Normal,13,15.64,1,8063.71,1208.18,19.076,72.8777
S0343,2026-04-25,Hyderabad,Warangal,137,Carrier_A,V03,349,Medium,Rain,Normal,6,4.07,0,1768.84,277.85,17.9689,79.5941
S0344,2026-01-11,Hyderabad,Chennai,632,Carrier_A,V05,815,Medium,Normal,High,14,11.99,0,7896.42,818.49,13.0827,80.2707
S0345,2026-04-13,Hyderabad,Warangal,130,Carrier_B,V03,525,Low,Normal,Normal,3,3.0,0,1636.92,140.73,17.9689,79.5941
S0346,2026-02-23,Hyderabad,Vijayawada,275,Carrier_D,V04,750,Medium,Normal,Urgent,6,6.56,1,3644.04,534.42,16.5062,80.648
S0347,2026-02-26,Hyderabad,Bengaluru,555,Carrier_D,V04,689,High,Normal,Normal,12,14.21,1,7345.97,928.37,12.9716,77.5946
S0348,2026-06-30,Hyderabad,Chennai,623,Carrier_D,V05,767,Low,Normal,Normal,13,12.84,0,8221.17,1061.5,13.0827,80.2707
S0349,2026-06-10,Hyderabad,Warangal,166,Carrier_C,V01,891,Medium,Normal,Normal,5,4.87,0,1672.66,249.98,17.9689,79.5941
S0350,2026-06-01,Hyderabad,Bengaluru,578,Carrier_A,V04,440,Low,Normal,High,11,12.42,1,7192.4,642.41,12.9716,77.5946
S0351,2026-01-17,Hyderabad,Pune,577,Carrier_A,V04,180,Medium,Rain,Normal,14,13.72,0,7206.45,919.93,18.5204,73.8567
S0352,2026-07-18,Hyderabad,Visakhapatnam,642,Carrier_D,V02,239,Medium,Rain,Normal,14,15.29,1,8509.08,869.33,17.6868,83.2185
S0353,2026-06-19,Hyderabad,Vijayawada,275,Carrier_A,V02,915,High,Normal,High,8,8.28,1,3234.92,501.01,16.5062,80.648
S0354,2026-04-27,Hyderabad,Bengaluru,574,Carrier_A,V04,919,Low,Severe,Normal,13,12.6,0,7142.75,939.39,12.9716,77.5946
S0355,2026-01-22,Hyderabad,Mumbai,691,Carrier_A,V03,247,High,Normal,Normal,13,16.13,1,8734.17,1257.57,19.076,72.8777
S0356,2026-07-05,Hyderabad,Chennai,629,Carrier_D,V02,780,Medium,Normal,Normal,14,12.41,0,8208.66,970.81,13.0827,80.2707
S0357,2026-04-02,Hyderabad,Vijayawada,272,Carrier_D,V05,536,Medium,Normal,High,7,7.2,1,3474.98,329.28,16.5062,80.648
S0358,2026-05-16,Hyderabad,Vijayawada,296,Carrier_B,V04,746,High,Rain,High,8,8.96,1,3381.41,277.49,16.5062,80.648
S0359,2026-06-21,Hyderabad,Visakhapatnam,642,Carrier_B,V03,557,Low,Normal,Normal,13,12.58,0,7617.55,929.28,17.6868,83.2185
S0360,2026-07-16,Hyderabad,Bengaluru,569,Carrier_B,V01,320,High,Severe,High,13,14.25,1,6754.14,913.55,12.9716,77.5946
S0361,2026-07-31,Hyderabad,Pune,577,Carrier_A,V05,286,Medium,Normal,Normal,13,11.38,0,7354.11,832.75,18.5204,73.8567
S0362,2026-03-23,Hyderabad,Mumbai,718,Carrier_B,V01,686,Low,Rain,Normal,12,14.26,1,8390.78,705.48,19.076,72.8777
S0363,2026-01-14,Hyderabad,Visakhapatnam,639,Carrier_A,V02,458,Medium,Rain,Normal,15,15.87,1,7937.31,1071.41,17.6868,83.2185
S0364,2026-01-28,Hyderabad,Warangal,125,Carrier_C,V01,848,Medium,Severe,Normal,5,6.36,1,1292.36,141.86,17.9689,79.5941
S0365,2026-06-12,Hyderabad,Pune,571,Carrier_A,V01,811,Medium,Normal,Normal,12,12.58,1,6938.04,630.09,18.5204,73.8567
S0366,2026-05-26,Hyderabad,Mumbai,706,Carrier_D,V04,501,High,Rain,Urgent,17,18.56,1,9225.7,1002.14,19.076,72.8777
S0367,2026-05-14,Hyderabad,Visakhapatnam,633,Carrier_A,V05,581,Medium,Normal,Normal,13,12.98,0,7899.67,988.34,17.6868,83.2185
S0368,2026-07-13,Hyderabad,Pune,565,Carrier_C,V05,550,Low,Normal,Normal,14,12.33,0,6137.59,831.77,18.5204,73.8567
S0369,2026-04-26,Hyderabad,Bengaluru,550,Carrier_B,V01,295,High,Normal,Normal,13,13.01,1,6499.04,891.36,12.9716,77.5946
S0370,2026-07-01,Hyderabad,Vijayawada,250,Carrier_A,V03,872,Low,Normal,High,7,5.31,0,3197.32,412.24,16.5062,80.648
S0371,2026-04-15,Hyderabad,Pune,553,Carrier_A,V02,783,Low,Normal,High,10,12.87,1,6802.97,580.91,18.5204,73.8567
S0372,2026-01-16,Hyderabad,Pune,544,Carrier_A,V02,303,Medium,Normal,Normal,10,12.91,1,6894.61,1066.05,18.5204,73.8567
S0373,2026-04-20,Hyderabad,Visakhapatnam,599,Carrier_A,V04,216,Medium,Normal,High,15,11.87,0,7568.07,635.25,17.6868,83.2185
S0374,2026-02-25,Hyderabad,Bengaluru,579,Carrier_A,V03,457,High,Normal,Normal,11,14.17,1,7218.02,873.22,12.9716,77.5946
S0375,2026-06-02,Hyderabad,Mumbai,707,Carrier_A,V05,358,Low,Normal,High,17,15.15,0,8765.23,829.16,19.076,72.8777
S0376,2026-03-03,Hyderabad,Vijayawada,291,Carrier_B,V04,616,Medium,Normal,Normal,7,7.89,1,3320.18,404.64,16.5062,80.648
S0377,2026-06-28,Hyderabad,Bengaluru,588,Carrier_B,V01,293,High,Rain,Normal,10,12.63,1,6845.84,813.93,12.9716,77.5946
S0378,2026-05-06,Hyderabad,Chennai,623,Carrier_B,V04,364,High,Normal,High,15,13.29,0,7385.26,1094.99,13.0827,80.2707
S0379,2026-04-13,Hyderabad,Bengaluru,570,Carrier_A,V03,170,Low,Normal,Normal,15,12.42,0,7114.59,957.71,12.9716,77.5946
S0380,2026-05-11,Hyderabad,Warangal,144,Carrier_D,V03,857,Low,Rain,High,4,3.11,0,1915.03,248.95,17.9689,79.5941
S0381,2026-07-06,Hyderabad,Warangal,125,Carrier_B,V03,724,Medium,Rain,Normal,4,4.62,1,1573.34,216.54,17.9689,79.5941
S0382,2026-01-24,Hyderabad,Visakhapatnam,642,Carrier_B,V05,244,Medium,Normal,Normal,14,13.85,0,7660.19,1151.65,17.6868,83.2185
S0383,2026-04-08,Hyderabad,Mumbai,698,Carrier_A,V02,708,Low,Normal,Normal,14,13.75,0,8641.95,1288.33,19.076,72.8777
S0384,2026-07-11,Hyderabad,Vijayawada,298,Carrier_A,V04,626,Low,Normal,Normal,8,5.93,0,3695.79,305.5,16.5062,80.648
S0385,2026-05-02,Hyderabad,Vijayawada,251,Carrier_B,V03,634,Low,Normal,Normal,7,6.35,0,2931.25,426.85,16.5062,80.648
S0386,2026-06-14,Hyderabad,Bengaluru,546,Carrier_A,V02,677,High,Normal,High,14,12.98,0,6879.46,757.52,12.9716,77.5946
S0387,2026-05-12,Hyderabad,Bengaluru,546,Carrier_B,V01,246,Low,Rain,High,9,11.64,1,6419.73,875.94,12.9716,77.5946
S0388,2026-07-03,Hyderabad,Mumbai,727,Carrier_A,V03,205,Medium,Normal,Normal,17,15.28,0,9022.32,1172.66,19.076,72.8777
S0389,2026-05-26,Hyderabad,Chennai,641,Carrier_B,V01,857,Medium,Rain,High,13,13.92,1,7566.58,1203.9,13.0827,80.2707
S0390,2026-06-28,Hyderabad,Chennai,605,Carrier_B,V02,447,High,Normal,High,15,15.46,1,7147.8,706.06,13.0827,80.2707
S0391,2026-08-09,Hyderabad,Warangal,162,Carrier_B,V03,760,High,Rain,Normal,6,5.85,0,1808.54,197.24,17.9689,79.5941
S0392,2026-04-20,Hyderabad,Warangal,175,Carrier_D,V05,620,Low,Normal,Urgent,5,3.33,0,2225.32,207.27,17.9689,79.5941
S0393,2026-02-23,Hyderabad,Warangal,168,Carrier_C,V03,641,Low,Rain,Normal,6,5.55,0,1817.7,209.41,17.9689,79.5941
S0394,2026-07-15,Hyderabad,Chennai,640,Carrier_B,V01,311,High,Rain,High,14,14.29,1,7480.73,824.11,13.0827,80.2707
S0395,2026-07-17,Hyderabad,Warangal,126,Carrier_B,V03,900,Low,Normal,Normal,3,3.22,1,1590.84,196.89,17.9689,79.5941
S0396,2026-07-04,Hyderabad,Pune,567,Carrier_B,V05,716,Low,Normal,Urgent,9,10.48,1,6680.7,744.08,18.5204,73.8567
S0397,2026-06-18,Hyderabad,Vijayawada,282,Carrier_A,V02,695,Medium,Normal,Normal,6,7.01,1,3629.04,421.05,16.5062,80.648
S0398,2026-06-07,Hyderabad,Visakhapatnam,626,Carrier_C,V02,732,Medium,Rain,High,13,14.73,1,6840.75,998.64,17.6868,83.2185
S0399,2026-01-28,Hyderabad,Mumbai,701,Carrier_B,V04,676,Medium,Rain,High,17,15.76,0,8327.14,1172.0,19.076,72.8777
S0400,2026-07-22,Hyderabad,Bengaluru,594,Carrier_A,V03,596,Medium,Normal,Normal,15,12.78,0,7319.93,922.77,12.9716,77.5946
S0401,2026-03-09,Hyderabad,Chennai,642,Carrier_C,V03,467,Low,Normal,Normal,16,13.61,0,6962.99,1009.54,13.0827,80.2707
S0402,2026-07-31,Hyderabad,Bengaluru,592,Carrier_A,V02,423,Medium,Normal,Normal,11,12.64,1,7382.36,1021.05,12.9716,77.5946
S0403,2026-06-04,Hyderabad,Vijayawada,258,Carrier_B,V01,414,High,Normal,Normal,8,8.27,1,3185.18,334.84,16.5062,80.648
S0404,2026-06-10,Hyderabad,Visakhapatnam,620,Carrier_A,V03,936,High,Normal,Normal,12,12.92,1,7518.01,943.63,17.6868,83.2185
S0405,2026-03-03,Hyderabad,Mumbai,727,Carrier_D,V03,557,Medium,Rain,Urgent,17,14.34,0,9680.33,1428.85,19.076,72.8777
S0406,2026-07-18,Hyderabad,Bengaluru,560,Carrier_A,V02,815,Low,Normal,Normal,12,12.55,1,6979.5,672.3,12.9716,77.5946
S0407,2026-01-13,Hyderabad,Bengaluru,564,Carrier_C,V05,879,Low,Rain,High,13,11.07,0,5940.53,724.77,12.9716,77.5946
S0408,2026-07-06,Hyderabad,Warangal,168,Carrier_A,V02,279,Low,Normal,Normal,7,4.57,0,2137.0,197.14,17.9689,79.5941
S0409,2026-01-12,Hyderabad,Warangal,164,Carrier_C,V04,505,Medium,Severe,Normal,6,6.23,1,1803.33,161.49,17.9689,79.5941
S0410,2026-03-10,Hyderabad,Mumbai,735,Carrier_D,V05,341,Low,Normal,Normal,18,16.69,0,9614.26,1405.74,19.076,72.8777
S0411,2026-04-29,Hyderabad,Visakhapatnam,609,Carrier_C,V01,621,Low,Normal,Normal,13,12.44,0,6704.96,932.66,17.6868,83.2185
S0412,2026-01-04,Hyderabad,Warangal,136,Carrier_A,V02,918,Low,Normal,Normal,5,3.0,0,1685.89,210.99,17.9689,79.5941
S0413,2026-07-10,Hyderabad,Chennai,625,Carrier_A,V02,786,Medium,Rain,High,15,13.59,0,7928.28,1057.12,13.0827,80.2707
S0414,2026-07-01,Hyderabad,Bengaluru,546,Carrier_C,V01,609,Medium,Normal,Normal,11,12.49,1,5991.95,722.24,12.9716,77.5946
S0415,2026-02-13,Hyderabad,Chennai,648,Carrier_A,V05,850,Low,Rain,Urgent,14,14.76,1,8031.29,947.54,13.0827,80.2707
S0416,2026-08-04,Hyderabad,Chennai,610,Carrier_D,V02,206,Medium,Normal,Normal,12,14.19,1,8089.81,800.32,13.0827,80.2707
S0417,2026-06-29,Hyderabad,Bengaluru,576,Carrier_B,V04,940,Medium,Normal,Normal,10,11.95,1,6793.46,563.29,12.9716,77.5946
S0418,2026-03-13,Hyderabad,Warangal,145,Carrier_B,V01,771,Low,Normal,Normal,4,3.0,0,1783.53,192.65,17.9689,79.5941
S0419,2026-04-04,Hyderabad,Vijayawada,259,Carrier_D,V05,191,Medium,Severe,High,6,6.81,1,3430.08,447.49,16.5062,80.648
S0420,2026-01-29,Hyderabad,Pune,550,Carrier_A,V03,331,Low,Rain,Normal,12,12.2,1,6936.27,693.49,18.5204,73.8567
S0421,2026-07-07,Hyderabad,Pune,546,Carrier_D,V03,165,High,Normal,Normal,13,12.76,0,7181.45,594.75,18.5204,73.8567
S0422,2026-06-09,Hyderabad,Bengaluru,557,Carrier_B,V05,924,Medium,Rain,Normal,14,13.21,0,6521.97,918.5,12.9716,77.5946
S0423,2026-06-17,Hyderabad,Pune,555,Carrier_B,V04,386,Low,Normal,High,9,10.52,1,6559.08,757.09,18.5204,73.8567
S0424,2026-03-10,Hyderabad,Vijayawada,253,Carrier_A,V05,881,Medium,Rain,Normal,6,6.37,1,3090.55,372.19,16.5062,80.648
S0425,2026-02-02,Hyderabad,Warangal,159,Carrier_C,V04,571,Low,Rain,High,4,3.52,0,1846.74,188.45,17.9689,79.5941
S0426,2026-03-21,Hyderabad,Visakhapatnam,645,Carrier_C,V05,153,Low,Rain,High,17,14.47,0,6968.19,1069.49,17.6868,83.2185
S0427,2026-06-27,Hyderabad,Mumbai,718,Carrier_D,V04,574,Medium,Normal,High,18,16.96,0,9415.41,853.67,19.076,72.8777
S0428,2026-05-31,Hyderabad,Visakhapatnam,599,Carrier_A,V04,710,Low,Normal,High,14,14.38,1,7551.26,808.86,17.6868,83.2185
S0429,2026-02-12,Hyderabad,Warangal,133,Carrier_A,V03,317,Medium,Normal,Urgent,5,3.84,0,1777.75,186.41,17.9689,79.5941
S0430,2026-03-27,Hyderabad,Chennai,630,Carrier_D,V01,856,Medium,Rain,High,16,12.86,0,8274.8,1123.5,13.0827,80.2707
S0431,2026-01-16,Hyderabad,Chennai,653,Carrier_D,V04,356,Low,Normal,High,15,11.98,0,8583.78,1251.65,13.0827,80.2707
S0432,2026-06-21,Hyderabad,Vijayawada,299,Carrier_B,V01,514,Medium,Normal,Normal,8,8.61,1,3537.17,339.97,16.5062,80.648
S0433,2026-05-29,Hyderabad,Vijayawada,251,Carrier_B,V02,593,Low,Severe,Normal,6,7.63,1,3039.85,414.79,16.5062,80.648
S0434,2026-02-19,Hyderabad,Bengaluru,574,Carrier_C,V05,320,Low,Normal,High,13,14.42,1,6199.32,509.39,12.9716,77.5946
S0435,2026-03-21,Hyderabad,Bengaluru,573,Carrier_A,V01,682,Medium,Severe,Normal,13,14.42,1,7169.69,1115.82,12.9716,77.5946
S0436,2026-06-19,Hyderabad,Warangal,162,Carrier_B,V04,342,Low,Rain,Normal,6,3.68,0,1834.02,232.94,17.9689,79.5941
S0437,2026-04-25,Hyderabad,Vijayawada,274,Carrier_B,V03,517,Medium,Normal,Normal,8,6.55,0,3190.16,496.31,16.5062,80.648
S0438,2026-01-02,Hyderabad,Vijayawada,266,Carrier_B,V01,166,Medium,Rain,High,6,7.46,1,3150.55,258.1,16.5062,80.648
S0439,2026-06-19,Hyderabad,Visakhapatnam,611,Carrier_C,V03,163,Low,Rain,Urgent,16,14.16,0,6648.1,688.97,17.6868,83.2185
S0440,2026-04-19,Hyderabad,Bengaluru,561,Carrier_C,V02,875,High,Rain,Normal,12,13.37,1,6100.69,876.86,12.9716,77.5946
S0441,2026-06-16,Hyderabad,Mumbai,733,Carrier_C,V05,176,Medium,Normal,Normal,19,16.89,0,7882.23,1076.37,19.076,72.8777
S0442,2026-06-28,Hyderabad,Bengaluru,552,Carrier_B,V04,862,Medium,Normal,Normal,14,11.58,0,6441.42,641.05,12.9716,77.5946
S0443,2026-02-24,Hyderabad,Pune,564,Carrier_B,V04,553,High,Rain,Normal,14,15.8,1,6676.89,657.18,18.5204,73.8567
S0444,2026-07-15,Hyderabad,Mumbai,685,Carrier_D,V01,257,Medium,Normal,Urgent,15,15.01,1,9048.14,1435.64,19.076,72.8777
S0445,2026-06-09,Hyderabad,Visakhapatnam,633,Carrier_C,V03,475,Medium,Normal,Normal,13,13.62,1,6865.28,1012.66,17.6868,83.2185
S0446,2026-05-14,Hyderabad,Pune,585,Carrier_D,V02,749,Low,Normal,Normal,13,10.92,0,7732.1,766.25,18.5204,73.8567
S0447,2026-03-09,Hyderabad,Pune,543,Carrier_B,V02,622,Low,Normal,Normal,13,9.51,0,6335.97,901.09,18.5204,73.8567
S0448,2026-08-06,Hyderabad,Warangal,130,Carrier_D,V03,497,Medium,Normal,Normal,5,3.37,0,1707.42,231.3,17.9689,79.5941
S0449,2026-04-28,Hyderabad,Warangal,159,Carrier_B,V03,502,Medium,Severe,Urgent,4,6.74,1,2076.11,231.99,17.9689,79.5941
S0450,2026-03-07,Hyderabad,Vijayawada,275,Carrier_A,V05,386,Medium,Rain,Normal,7,6.67,0,3439.69,410.56,16.5062,80.648
S0451,2026-05-10,Hyderabad,Warangal,158,Carrier_A,V04,899,Low,Normal,Normal,5,3.41,0,2032.27,288.72,17.9689,79.5941
S0452,2026-08-10,Hyderabad,Warangal,173,Carrier_C,V04,523,Medium,Normal,Normal,4,4.36,1,1888.29,163.37,17.9689,79.5941
S0453,2026-04-29,Hyderabad,Pune,549,Carrier_A,V02,613,Low,Normal,High,11,12.06,1,6946.81,615.05,18.5204,73.8567
S0454,2026-08-03,Hyderabad,Mumbai,704,Carrier_D,V05,336,Medium,Normal,Normal,14,15.96,1,9260.45,1026.1,19.076,72.8777
S0455,2026-07-05,Hyderabad,Mumbai,732,Carrier_C,V02,672,Low,Normal,Normal,17,14.17,0,7901.66,647.71,19.076,72.8777
S0456,2026-04-13,Hyderabad,Pune,573,Carrier_C,V05,440,High,Severe,Normal,13,15.84,1,6351.38,838.48,18.5204,73.8567
S0457,2026-06-08,Hyderabad,Bengaluru,547,Carrier_D,V04,337,Low,Normal,Normal,12,11.1,0,7239.92,1033.44,12.9716,77.5946
S0458,2026-01-26,Hyderabad,Chennai,625,Carrier_A,V04,495,Low,Severe,Normal,12,15.69,1,7725.62,1060.15,13.0827,80.2707
S0459,2026-03-31,Hyderabad,Vijayawada,265,Carrier_A,V03,587,Low,Normal,High,6,4.0,0,3134.06,435.47,16.5062,80.648
S0460,2026-01-08,Hyderabad,Chennai,615,Carrier_B,V01,597,Low,Normal,High,12,13.52,1,7149.0,984.12,13.0827,80.2707
S0461,2026-05-31,Hyderabad,Chennai,633,Carrier_C,V02,698,Medium,Normal,High,13,13.34,1,6859.89,580.07,13.0827,80.2707
S0462,2026-06-20,Hyderabad,Bengaluru,592,Carrier_D,V04,690,Medium,Rain,Normal,13,12.88,0,7867.36,1092.13,12.9716,77.5946
S0463,2026-06-19,Hyderabad,Mumbai,689,Carrier_B,V05,278,High,Normal,Normal,15,15.98,1,8067.0,695.32,19.076,72.8777
S0464,2026-04-22,Hyderabad,Mumbai,687,Carrier_B,V05,553,Medium,Normal,High,16,16.75,1,8150.9,1206.89,19.076,72.8777
S0465,2026-03-18,Hyderabad,Mumbai,685,Carrier_C,V01,641,Low,Rain,Normal,16,13.81,0,7521.02,630.61,19.076,72.8777
S0466,2026-07-12,Hyderabad,Bengaluru,579,Carrier_A,V02,910,High,Normal,Normal,13,13.25,1,7214.92,779.66,12.9716,77.5946
S0467,2026-06-10,Hyderabad,Visakhapatnam,637,Carrier_B,V04,156,High,Normal,Normal,15,13.54,0,7616.79,1144.8,17.6868,83.2185
S0468,2026-01-30,Hyderabad,Vijayawada,290,Carrier_D,V02,205,Medium,Normal,Normal,9,6.53,0,3717.8,318.55,16.5062,80.648
S0469,2026-02-05,Hyderabad,Warangal,140,Carrier_B,V01,505,Medium,Rain,Normal,6,4.11,0,1695.33,158.26,17.9689,79.5941
S0470,2026-03-21,Hyderabad,Mumbai,700,Carrier_D,V02,751,Medium,Normal,High,15,13.48,0,9301.11,1083.07,19.076,72.8777
S0471,2026-07-30,Hyderabad,Mumbai,715,Carrier_B,V01,663,High,Normal,High,17,15.14,0,8500.54,752.83,19.076,72.8777
S0472,2026-05-17,Hyderabad,Pune,546,Carrier_D,V04,218,Medium,Normal,Normal,13,11.57,0,7134.27,1069.99,18.5204,73.8567
S0473,2026-03-23,Hyderabad,Bengaluru,562,Carrier_A,V04,484,Low,Rain,Normal,10,12.37,1,6947.71,764.43,12.9716,77.5946
S0474,2026-07-24,Hyderabad,Chennai,643,Carrier_A,V04,261,Low,Normal,Normal,14,12.7,0,8072.24,1291.14,13.0827,80.2707
S0475,2026-01-29,Hyderabad,Mumbai,712,Carrier_B,V01,691,Low,Normal,High,16,14.26,0,8390.59,814.36,19.076,72.8777
S0476,2026-05-10,Hyderabad,Pune,564,Carrier_A,V05,460,Low,Normal,Normal,13,11.84,0,7072.03,596.51,18.5204,73.8567
S0477,2026-06-11,Hyderabad,Vijayawada,280,Carrier_A,V04,832,Medium,Rain,Normal,8,8.14,1,3463.14,377.01,16.5062,80.648
S0478,2026-04-13,Hyderabad,Vijayawada,262,Carrier_B,V03,633,Low,Normal,High,8,6.31,0,3071.89,394.26,16.5062,80.648
S0479,2026-02-26,Hyderabad,Chennai,640,Carrier_B,V05,691,Low,Normal,High,17,14.29,0,7484.89,901.81,13.0827,80.2707
S0480,2026-07-07,Hyderabad,Visakhapatnam,634,Carrier_D,V04,831,High,Normal,High,17,14.77,0,8550.72,1197.47,17.6868,83.2185
S0481,2026-01-22,Hyderabad,Bengaluru,563,Carrier_A,V05,838,Low,Severe,Normal,11,13.76,1,6879.07,779.06,12.9716,77.5946
S0482,2026-02-19,Hyderabad,Visakhapatnam,637,Carrier_D,V01,518,Medium,Normal,Normal,13,11.99,0,8181.81,1223.32,17.6868,83.2185
S0483,2026-05-20,Hyderabad,Warangal,151,Carrier_A,V02,923,Medium,Normal,Normal,4,4.59,1,1846.02,219.58,17.9689,79.5941
S0484,2026-06-02,Hyderabad,Pune,557,Carrier_C,V03,228,Medium,Normal,Urgent,10,12.07,1,5998.29,704.58,18.5204,73.8567
S0485,2026-03-14,Hyderabad,Vijayawada,283,Carrier_D,V02,472,Low,Normal,Normal,7,6.33,0,3621.1,414.21,16.5062,80.648
S0486,2026-07-27,Hyderabad,Mumbai,695,Carrier_D,V03,279,Low,Normal,Urgent,14,15.04,1,9158.69,750.77,19.076,72.8777
S0487,2026-01-02,Hyderabad,Pune,580,Carrier_B,V03,341,Medium,Normal,Normal,11,13.22,1,6895.77,939.15,18.5204,73.8567
S0488,2026-05-29,Hyderabad,Visakhapatnam,634,Carrier_D,V03,542,Low,Normal,High,13,12.65,0,8331.27,1082.23,17.6868,83.2185
S0489,2026-07-23,Hyderabad,Bengaluru,586,Carrier_A,V03,905,Low,Normal,Normal,14,13.82,0,7413.18,720.92,12.9716,77.5946
S0490,2026-05-01,Hyderabad,Chennai,613,Carrier_A,V05,180,High,Normal,Normal,16,14.66,0,7658.68,920.65,13.0827,80.2707
S0491,2026-01-25,Hyderabad,Chennai,639,Carrier_C,V03,187,Low,Normal,Normal,11,12.41,1,7007.84,934.75,13.0827,80.2707
S0492,2026-04-04,Hyderabad,Chennai,610,Carrier_C,V02,520,Low,Rain,Normal,10,13.01,1,6544.23,860.21,13.0827,80.2707
S0493,2026-04-26,Hyderabad,Vijayawada,296,Carrier_B,V05,361,Low,Normal,Urgent,9,7.03,0,3524.94,436.03,16.5062,80.648
S0494,2026-07-07,Hyderabad,Mumbai,723,Carrier_A,V02,533,High,Rain,High,18,17.93,0,9027.71,1167.23,19.076,72.8777
S0495,2026-07-29,Hyderabad,Pune,583,Carrier_D,V04,376,Medium,Normal,High,14,11.08,0,7715.56,716.54,18.5204,73.8567
S0496,2026-03-18,Hyderabad,Vijayawada,282,Carrier_C,V01,842,Medium,Rain,Normal,7,5.68,0,3136.41,374.61,16.5062,80.648
S0497,2026-03-29,Hyderabad,Chennai,643,Carrier_B,V01,857,Medium,Normal,Urgent,11,13.75,1,7778.72,1231.11,13.0827,80.2707
S0498,2026-01-17,Hyderabad,Vijayawada,279,Carrier_A,V02,170,Low,Normal,Normal,6,4.44,0,3546.63,557.68,16.5062,80.648
S0499,2026-02-14,Hyderabad,Bengaluru,564,Carrier_B,V03,918,Medium,Normal,High,14,11.74,0,6647.83,1034.56,12.9716,77.5946
S0500,2026-05-22,Hyderabad,Chennai,630,Carrier_B,V05,767,Medium,Normal,Normal,11,12.02,1,7410.09,751.4,13.0827,80.2707
S0501,2026-07-30,Hyderabad,Mumbai,711,Carrier_A,V05,331,Low,Rain,Normal,18,16.6,0,8990.07,1202.55,19.076,72.8777
S0502,2026-01-29,Hyderabad,Warangal,167,Carrier_A,V03,762,High,Rain,High,5,5.55,1,2050.33,196.95,17.9689,79.5941
S0503,2026-05-16,Hyderabad,Chennai,606,Carrier_A,V04,653,Medium,Normal,High,16,14.15,0,7669.75,1215.56,13.0827,80.2707
S0504,2026-03-16,Hyderabad,Vijayawada,299,Carrier_A,V02,227,Low,Normal,Urgent,8,6.0,0,3778.64,455.05,16.5062,80.648
S0505,2026-05-26,Hyderabad,Visakhapatnam,637,Carrier_A,V02,250,High,Normal,Normal,14,12.77,0,7943.4,1048.24,17.6868,83.2185
S0506,2026-03-22,Hyderabad,Bengaluru,561,Carrier_B,V01,548,Medium,Normal,Normal,12,11.82,0,6580.33,838.86,12.9716,77.5946
S0507,2026-07-26,Hyderabad,Visakhapatnam,624,Carrier_A,V04,439,Medium,Rain,Normal,16,15.49,0,7736.09,1237.68,17.6868,83.2185
S0508,2026-04-03,Hyderabad,Pune,552,Carrier_C,V01,895,Medium,Normal,Normal,12,12.31,1,6002.88,523.65,18.5204,73.8567
S0509,2026-03-13,Hyderabad,Chennai,618,Carrier_A,V02,454,Medium,Normal,Normal,12,13.21,1,7635.4,774.5,13.0827,80.2707
S0510,2026-07-29,Hyderabad,Visakhapatnam,631,Carrier_B,V02,635,Medium,Normal,Normal,14,14.17,1,7379.92,1172.48,17.6868,83.2185
S0511,2026-07-08,Hyderabad,Mumbai,689,Carrier_B,V04,620,Medium,Normal,Normal,15,14.8,0,8233.62,1247.54,19.076,72.8777
S0512,2026-04-29,Hyderabad,Visakhapatnam,613,Carrier_A,V02,942,Medium,Rain,Normal,16,15.3,0,7733.07,905.58,17.6868,83.2185
S0513,2026-04-15,Hyderabad,Visakhapatnam,598,Carrier_B,V02,171,Medium,Normal,High,12,12.0,0,7034.37,650.88,17.6868,83.2185
S0514,2026-08-14,Hyderabad,Chennai,616,Carrier_D,V02,498,High,Normal,Normal,13,14.25,1,8114.75,1005.85,13.0827,80.2707
S0515,2026-07-16,Hyderabad,Mumbai,717,Carrier_C,V05,659,Medium,Normal,High,13,15.89,1,7892.87,990.59,19.076,72.8777
S0516,2026-07-02,Hyderabad,Bengaluru,586,Carrier_B,V01,472,Medium,Normal,Normal,10,12.3,1,6883.43,743.51,12.9716,77.5946
S0517,2026-05-07,Hyderabad,Warangal,172,Carrier_C,V03,695,Medium,Normal,High,7,3.39,0,1798.65,219.57,17.9689,79.5941
S0518,2026-05-21,Hyderabad,Bengaluru,560,Carrier_D,V04,909,Low,Normal,Normal,12,10.88,0,7372.01,1007.17,12.9716,77.5946
S0519,2026-04-14,Hyderabad,Bengaluru,553,Carrier_A,V02,867,High,Normal,Normal,13,14.55,1,7161.53,999.61,12.9716,77.5946
S0520,2026-07-03,Hyderabad,Bengaluru,574,Carrier_A,V04,171,Medium,Normal,High,13,12.44,0,7211.9,815.89,12.9716,77.5946
S0521,2026-07-02,Hyderabad,Bengaluru,583,Carrier_A,V03,503,Medium,Normal,Normal,10,11.72,1,7327.03,1140.1,12.9716,77.5946
S0522,2026-04-11,Hyderabad,Visakhapatnam,611,Carrier_A,V04,425,Medium,Normal,Normal,11,12.51,1,7821.99,1198.91,17.6868,83.2185
S0523,2026-04-09,Hyderabad,Bengaluru,569,Carrier_A,V03,448,Low,Normal,High,13,10.8,0,7184.62,590.77,12.9716,77.5946
S0524,2026-05-06,Hyderabad,Visakhapatnam,639,Carrier_B,V03,353,Low,Rain,Normal,11,14.07,1,7650.49,782.12,17.6868,83.2185
S0525,2026-02-07,Hyderabad,Pune,576,Carrier_B,V04,653,Medium,Normal,High,14,12.43,0,6820.99,558.55,18.5204,73.8567
S0526,2026-08-12,Hyderabad,Vijayawada,275,Carrier_A,V04,252,Low,Normal,Normal,9,6.64,0,3410.11,480.67,16.5062,80.648
S0527,2026-05-18,Hyderabad,Warangal,159,Carrier_D,V03,905,Low,Normal,Normal,4,4.07,1,2057.47,283.35,17.9689,79.5941
S0528,2026-06-28,Hyderabad,Bengaluru,550,Carrier_B,V04,669,Medium,Normal,Normal,15,11.79,0,6507.72,896.94,12.9716,77.5946
S0529,2026-07-08,Hyderabad,Warangal,158,Carrier_B,V02,796,High,Normal,Normal,4,3.97,0,1807.94,153.67,17.9689,79.5941
S0530,2026-03-03,Hyderabad,Pune,568,Carrier_A,V04,257,High,Normal,High,9,13.6,1,7090.07,769.48,18.5204,73.8567
S0531,2026-01-19,Hyderabad,Pune,545,Carrier_D,V02,353,Medium,Rain,High,11,11.06,1,7197.69,648.87,18.5204,73.8567
S0532,2026-03-12,Hyderabad,Pune,553,Carrier_B,V03,545,High,Normal,Normal,10,12.9,1,6550.55,558.53,18.5204,73.8567
S0533,2026-01-24,Hyderabad,Warangal,160,Carrier_A,V01,374,Medium,Rain,Normal,5,5.54,1,2002.31,317.71,17.9689,79.5941
S0534,2026-01-31,Hyderabad,Pune,538,Carrier_A,V03,277,Medium,Rain,High,12,12.37,1,6761.29,881.97,18.5204,73.8567
S0535,2026-04-12,Hyderabad,Chennai,615,Carrier_A,V01,785,Medium,Normal,Normal,10,12.61,1,7709.33,1131.88,13.0827,80.2707
S0536,2026-07-05,Hyderabad,Vijayawada,260,Carrier_D,V01,855,High,Normal,Normal,7,7.84,1,3458.05,444.56,16.5062,80.648
S0537,2026-04-11,Hyderabad,Warangal,152,Carrier_D,V05,630,Medium,Severe,High,5,6.34,1,1938.38,204.27,17.9689,79.5941
S0538,2026-01-02,Hyderabad,Mumbai,702,Carrier_A,V03,747,Low,Normal,Normal,15,16.24,1,8746.41,1125.04,19.076,72.8777
S0539,2026-03-22,Hyderabad,Visakhapatnam,630,Carrier_C,V04,419,Medium,Normal,High,12,14.44,1,6996.67,654.56,17.6868,83.2185
S0540,2026-04-01,Hyderabad,Vijayawada,278,Carrier_D,V04,811,Low,Normal,High,6,5.05,0,3686.7,415.95,16.5062,80.648
S0541,2026-06-05,Hyderabad,Vijayawada,262,Carrier_A,V02,852,Medium,Normal,Normal,8,6.59,0,3324.61,297.22,16.5062,80.648
S0542,2026-07-23,Hyderabad,Mumbai,724,Carrier_D,V01,603,Medium,Normal,Normal,16,13.86,0,9561.79,1453.09,19.076,72.8777
S0543,2026-04-12,Hyderabad,Pune,579,Carrier_A,V03,200,Low,Normal,Normal,14,10.44,0,7383.14,771.21,18.5204,73.8567
S0544,2026-01-31,Hyderabad,Vijayawada,291,Carrier_C,V03,800,Medium,Severe,Normal,8,10.39,1,3108.26,452.01,16.5062,80.648
S0545,2026-02-25,Hyderabad,Bengaluru,568,Carrier_D,V01,564,Medium,Normal,Normal,14,11.74,0,7554.65,1025.89,12.9716,77.5946
S0546,2026-08-14,Hyderabad,Visakhapatnam,622,Carrier_B,V05,663,High,Normal,High,17,15.32,0,7404.86,734.19,17.6868,83.2185
S0547,2026-01-22,Hyderabad,Pune,539,Carrier_A,V02,473,Low,Normal,Normal,14,11.66,0,6760.61,720.41,18.5204,73.8567
S0548,2026-03-21,Hyderabad,Mumbai,708,Carrier_A,V01,587,Medium,Normal,Normal,18,16.46,0,8927.45,1110.79,19.076,72.8777
S0549,2026-07-06,Hyderabad,Warangal,135,Carrier_C,V01,536,High,Normal,High,5,4.24,0,1370.48,117.61,17.9689,79.5941
S0550,2026-07-18,Hyderabad,Chennai,634,Carrier_A,V02,819,Low,Normal,High,12,12.28,1,8041.42,659.31,13.0827,80.2707
S0551,2026-05-14,Hyderabad,Mumbai,730,Carrier_A,V02,448,Medium,Rain,Normal,17,16.38,0,9046.56,732.83,19.076,72.8777
S0552,2026-06-10,Hyderabad,Pune,550,Carrier_C,V05,477,Medium,Normal,High,12,11.85,0,6010.08,523.94,18.5204,73.8567
S0553,2026-02-27,Hyderabad,Chennai,622,Carrier_D,V04,855,Low,Normal,Normal,11,11.66,1,8255.14,754.75,13.0827,80.2707
S0554,2026-05-31,Hyderabad,Pune,573,Carrier_C,V03,364,Medium,Severe,High,12,16.05,1,6105.95,530.71,18.5204,73.8567
S0555,2026-07-05,Hyderabad,Mumbai,690,Carrier_B,V01,318,Medium,Severe,Normal,16,17.27,1,8117.93,1002.75,19.076,72.8777
S0556,2026-04-11,Hyderabad,Warangal,139,Carrier_B,V05,253,Low,Normal,Normal,5,3.03,0,1596.27,147.74,17.9689,79.5941
S0557,2026-04-20,Hyderabad,Vijayawada,291,Carrier_B,V02,254,Low,Normal,Normal,8,5.59,0,3310.87,514.17,16.5062,80.648
S0558,2026-08-12,Hyderabad,Bengaluru,554,Carrier_B,V05,800,Low,Normal,Normal,10,11.07,1,6513.79,848.28,12.9716,77.5946
S0559,2026-04-10,Hyderabad,Pune,581,Carrier_B,V01,442,High,Rain,Normal,13,15.93,1,6901.35,582.32,18.5204,73.8567
S0560,2026-05-24,Hyderabad,Warangal,133,Carrier_D,V03,855,Medium,Rain,Urgent,4,3.67,0,1817.21,220.62,17.9689,79.5941
S0561,2026-05-28,Hyderabad,Mumbai,697,Carrier_D,V02,778,Low,Normal,Urgent,16,13.95,0,9181.15,946.64,19.076,72.8777
S0562,2026-04-22,Hyderabad,Vijayawada,259,Carrier_B,V02,857,Medium,Normal,Normal,6,5.93,0,2899.06,284.52,16.5062,80.648
S0563,2026-01-19,Hyderabad,Visakhapatnam,645,Carrier_D,V05,717,Low,Normal,Normal,15,13.84,0,8572.64,1309.22,17.6868,83.2185
S0564,2026-07-01,Hyderabad,Visakhapatnam,630,Carrier_A,V01,948,Low,Normal,Normal,11,12.65,1,7922.4,1026.74,17.6868,83.2185
S0565,2026-05-18,Hyderabad,Chennai,652,Carrier_D,V01,281,Low,Normal,High,16,13.4,0,8657.97,1015.05,13.0827,80.2707
S0566,2026-01-31,Hyderabad,Visakhapatnam,639,Carrier_D,V04,567,Medium,Normal,High,14,14.45,1,8427.89,1000.16,17.6868,83.2185
S0567,2026-05-22,Hyderabad,Chennai,622,Carrier_A,V02,614,Medium,Normal,Normal,16,13.79,0,7838.47,798.95,13.0827,80.2707
S0568,2026-02-16,Hyderabad,Pune,546,Carrier_B,V05,833,High,Normal,Normal,13,13.15,1,6352.7,820.95,18.5204,73.8567
S0569,2026-04-16,Hyderabad,Warangal,145,Carrier_D,V03,917,High,Rain,Normal,6,4.53,0,1850.36,275.61,17.9689,79.5941
S0570,2026-05-22,Hyderabad,Vijayawada,268,Carrier_B,V02,719,Low,Normal,Normal,6,6.51,1,3112.27,396.62,16.5062,80.648
S0571,2026-05-05,Hyderabad,Vijayawada,266,Carrier_A,V01,413,High,Normal,High,7,6.37,0,3385.36,296.05,16.5062,80.648
S0572,2026-07-25,Hyderabad,Mumbai,733,Carrier_D,V03,753,Medium,Rain,Normal,17,16.73,0,9709.87,875.03,19.076,72.8777
S0573,2026-02-26,Hyderabad,Warangal,166,Carrier_B,V04,713,Medium,Normal,Normal,6,5.35,0,1926.27,272.95,17.9689,79.5941
S0574,2026-04-26,Hyderabad,Pune,567,Carrier_A,V04,395,High,Rain,High,15,13.86,0,6884.96,567.91,18.5204,73.8567
S0575,2026-07-22,Hyderabad,Vijayawada,287,Carrier_A,V03,880,Low,Rain,Normal,6,7.4,1,3632.5,482.79,16.5062,80.648
S0576,2026-05-24,Hyderabad,Bengaluru,573,Carrier_B,V03,428,Low,Rain,Normal,13,12.44,0,6670.35,544.87,12.9716,77.5946
S0577,2026-02-13,Hyderabad,Bengaluru,595,Carrier_D,V03,770,High,Normal,High,14,14.53,1,7915.86,681.59,12.9716,77.5946
S0578,2026-03-04,Hyderabad,Warangal,175,Carrier_C,V04,755,Medium,Normal,Normal,4,5.45,1,1891.69,219.23,17.9689,79.5941
S0579,2026-07-06,Hyderabad,Mumbai,709,Carrier_A,V05,406,Medium,Normal,Urgent,16,17.1,1,8916.93,810.01,19.076,72.8777
S0580,2026-03-31,Hyderabad,Vijayawada,268,Carrier_B,V03,494,Medium,Normal,Normal,6,6.34,1,3142.23,488.51,16.5062,80.648
S0581,2026-07-10,Hyderabad,Visakhapatnam,618,Carrier_C,V05,684,Medium,Normal,Normal,16,14.27,0,6800.59,883.08,17.6868,83.2185
S0582,2026-05-04,Hyderabad,Vijayawada,253,Carrier_B,V01,930,Medium,Normal,Normal,7,6.62,0,2927.48,347.59,16.5062,80.648
S0583,2026-08-09,Hyderabad,Pune,556,Carrier_A,V03,799,Low,Normal,Normal,13,10.0,0,6980.61,889.32,18.5204,73.8567
S0584,2026-02-08,Hyderabad,Chennai,610,Carrier_C,V01,254,Low,Normal,Urgent,13,12.32,0,6640.71,661.28,13.0827,80.2707
S0585,2026-08-02,Hyderabad,Mumbai,734,Carrier_C,V03,466,Medium,Normal,High,14,16.04,1,8027.94,958.13,19.076,72.8777
S0586,2026-03-27,Hyderabad,Pune,550,Carrier_B,V01,508,Low,Normal,Normal,11,10.87,0,6558.42,925.5,18.5204,73.8567
S0587,2026-01-15,Hyderabad,Chennai,613,Carrier_D,V05,629,High,Normal,High,13,15.42,1,8011.1,1040.78,13.0827,80.2707
S0588,2026-05-14,Hyderabad,Warangal,157,Carrier_B,V05,256,Low,Normal,Normal,5,3.83,0,1951.84,205.87,17.9689,79.5941
S0589,2026-07-05,Hyderabad,Mumbai,718,Carrier_A,V04,859,Low,Rain,Normal,17,16.59,0,9086.8,1276.68,19.076,72.8777
S0590,2026-03-02,Hyderabad,Vijayawada,300,Carrier_B,V04,729,Low,Normal,Normal,6,6.36,1,3421.72,385.85,16.5062,80.648
S0591,2026-07-08,Hyderabad,Pune,559,Carrier_C,V02,295,High,Normal,Normal,10,14.15,1,6258.7,753.51,18.5204,73.8567
S0592,2026-03-24,Hyderabad,Visakhapatnam,635,Carrier_D,V04,483,Low,Normal,Normal,13,12.89,0,8407.92,1288.15,17.6868,83.2185
S0593,2026-08-07,Hyderabad,Warangal,155,Carrier_B,V03,934,Medium,Rain,Urgent,6,4.54,0,1844.42,285.92,17.9689,79.5941
S0594,2026-06-10,Hyderabad,Visakhapatnam,605,Carrier_D,V05,423,Medium,Rain,Normal,14,14.42,1,8104.85,1012.51,17.6868,83.2185
S0595,2026-07-18,Hyderabad,Vijayawada,258,Carrier_C,V02,685,High,Normal,Normal,6,7.5,1,2759.11,392.8,16.5062,80.648
S0596,2026-08-02,Hyderabad,Mumbai,721,Carrier_B,V03,896,Low,Normal,High,14,16.03,1,8533.38,863.77,19.076,72.8777
S0597,2026-01-31,Hyderabad,Pune,570,Carrier_B,V01,354,High,Severe,Urgent,12,15.46,1,6682.15,709.26,18.5204,73.8567
S0598,2026-02-02,Hyderabad,Warangal,174,Carrier_A,V03,406,Medium,Normal,High,6,4.18,0,2326.17,370.81,17.9689,79.5941
S0599,2026-05-14,Hyderabad,Warangal,152,Carrier_A,V05,417,Medium,Normal,Normal,6,4.03,0,1895.54,261.19,17.9689,79.5941
S0600,2026-07-07,Hyderabad,Bengaluru,576,Carrier_A,V01,934,Medium,Rain,High,11,12.69,1,7272.07,971.53,12.9716,77.5946
S0601,2026-04-28,Hyderabad,Mumbai,734,Carrier_A,V03,941,Medium,Normal,Urgent,16,14.9,0,9062.61,1442.3,19.076,72.8777
S0602,2026-01-12,Hyderabad,Warangal,146,Carrier_A,V01,847,Low,Normal,Normal,6,3.72,0,1885.92,186.53,17.9689,79.5941
S0603,2026-03-16,Hyderabad,Warangal,169,Carrier_B,V01,532,Low,Normal,Urgent,5,4.37,0,1997.04,227.64,17.9689,79.5941
S0604,2026-04-29,Hyderabad,Warangal,167,Carrier_A,V05,834,Medium,Normal,Normal,6,4.79,0,2045.02,280.86,17.9689,79.5941
S0605,2026-05-03,Hyderabad,Chennai,605,Carrier_A,V04,338,Medium,Normal,Normal,14,12.59,0,7552.61,668.07,13.0827,80.2707
S0606,2026-03-23,Hyderabad,Chennai,646,Carrier_B,V03,715,Low,Normal,Normal,15,14.15,0,7533.52,708.02,13.0827,80.2707
S0607,2026-02-16,Hyderabad,Vijayawada,299,Carrier_B,V02,837,Low,Normal,Urgent,6,7.79,1,3452.5,499.99,16.5062,80.648
S0608,2026-07-16,Hyderabad,Warangal,140,Carrier_A,V03,715,Low,Rain,High,5,4.11,0,1716.4,192.86,17.9689,79.5941
S0609,2026-06-20,Hyderabad,Pune,537,Carrier_A,V04,682,High,Normal,Normal,10,11.79,1,6684.4,902.61,18.5204,73.8567
S0610,2026-04-18,Hyderabad,Mumbai,728,Carrier_A,V01,409,Low,Normal,Normal,15,15.15,1,9132.92,1115.79,19.076,72.8777
S0611,2026-05-02,Hyderabad,Pune,557,Carrier_A,V02,249,Low,Normal,Normal,11,11.64,1,6906.68,622.93,18.5204,73.8567
S0612,2026-05-02,Hyderabad,Chennai,631,Carrier_A,V02,362,High,Rain,High,14,14.96,1,7859.67,1190.02,13.0827,80.2707
S0613,2026-04-07,Hyderabad,Pune,575,Carrier_C,V03,291,Low,Normal,Urgent,13,11.26,0,6353.73,966.5,18.5204,73.8567
S0614,2026-08-04,Hyderabad,Vijayawada,300,Carrier_D,V04,866,Medium,Normal,High,8,7.51,0,4047.34,600.26,16.5062,80.648
S0615,2026-03-08,Hyderabad,Chennai,607,Carrier_B,V05,397,Low,Normal,High,14,12.95,0,7229.81,1134.45,13.0827,80.2707
S0616,2026-06-11,Hyderabad,Vijayawada,272,Carrier_D,V05,612,Medium,Rain,Normal,9,7.37,0,3629.29,447.96,16.5062,80.648
S0617,2026-05-07,Hyderabad,Vijayawada,287,Carrier_A,V05,677,Medium,Rain,Normal,9,8.12,0,3600.83,574.83,16.5062,80.648
S0618,2026-05-11,Hyderabad,Chennai,646,Carrier_C,V04,903,Low,Rain,Normal,16,16.46,1,7063.67,765.61,13.0827,80.2707
S0619,2026-05-08,Hyderabad,Chennai,617,Carrier_B,V01,661,Medium,Normal,Normal,15,12.5,0,7187.34,596.05,13.0827,80.2707
S0620,2026-03-28,Hyderabad,Mumbai,693,Carrier_D,V05,499,Low,Rain,High,17,14.05,0,9127.83,1171.1,19.076,72.8777
S0621,2026-02-06,Hyderabad,Pune,542,Carrier_B,V04,621,Medium,Normal,High,14,12.04,0,6277.04,516.51,18.5204,73.8567
S0622,2026-03-09,Hyderabad,Visakhapatnam,606,Carrier_C,V05,341,Low,Rain,Normal,15,13.85,0,6675.17,754.08,17.6868,83.2185
S0623,2026-05-05,Hyderabad,Pune,550,Carrier_D,V03,157,Medium,Normal,Normal,14,12.19,0,7341.49,717.75,18.5204,73.8567
S0624,2026-03-10,Hyderabad,Pune,540,Carrier_C,V04,536,High,Normal,High,13,12.1,0,5897.07,580.89,18.5204,73.8567
S0625,2026-06-30,Hyderabad,Visakhapatnam,644,Carrier_C,V02,574,Medium,Rain,Normal,13,14.77,1,6925.98,671.1,17.6868,83.2185
S0626,2026-08-15,Hyderabad,Visakhapatnam,610,Carrier_D,V03,417,Medium,Normal,High,10,12.74,1,8036.9,744.05,17.6868,83.2185
S0627,2026-03-08,Hyderabad,Bengaluru,588,Carrier_B,V02,216,Low,Normal,Normal,13,11.93,0,6892.2,1013.36,12.9716,77.5946
S0628,2026-07-28,Hyderabad,Visakhapatnam,639,Carrier_D,V02,466,Low,Normal,High,11,11.77,1,8401.06,1180.16,17.6868,83.2185
S0629,2026-04-27,Hyderabad,Visakhapatnam,603,Carrier_A,V01,614,Medium,Rain,Normal,10,13.78,1,7560.72,719.69,17.6868,83.2185
S0630,2026-07-26,Hyderabad,Vijayawada,256,Carrier_C,V01,415,Medium,Rain,Normal,6,7.27,1,2793.03,418.05,16.5062,80.648
S0631,2026-04-03,Hyderabad,Vijayawada,296,Carrier_C,V05,164,High,Normal,Normal,8,8.07,1,3284.2,389.49,16.5062,80.648
S0632,2026-04-25,Hyderabad,Warangal,167,Carrier_C,V03,292,Low,Normal,High,7,3.94,0,1863.06,167.95,17.9689,79.5941
S0633,2026-05-12,Hyderabad,Vijayawada,282,Carrier_C,V04,488,Low,Severe,High,8,7.7,0,3062.39,380.76,16.5062,80.648
S0634,2026-01-01,Hyderabad,Warangal,137,Carrier_B,V01,455,Low,Normal,Normal,6,3.24,0,1678.39,188.97,17.9689,79.5941
S0635,2026-05-10,Hyderabad,Warangal,164,Carrier_B,V02,605,Low,Normal,High,5,3.31,0,1973.55,218.7,17.9689,79.5941
S0636,2026-06-18,Hyderabad,Visakhapatnam,620,Carrier_C,V05,328,Low,Normal,Normal,15,12.99,0,6699.89,784.36,17.6868,83.2185
S0637,2026-03-30,Hyderabad,Chennai,606,Carrier_A,V04,466,High,Normal,Normal,12,13.37,1,7654.74,1022.48,13.0827,80.2707
S0638,2026-01-13,Hyderabad,Vijayawada,265,Carrier_C,V02,716,Medium,Normal,Normal,8,7.05,0,3008.35,442.93,16.5062,80.648
S0639,2026-03-07,Hyderabad,Visakhapatnam,616,Carrier_B,V05,834,Low,Normal,Normal,16,14.65,0,7223.11,877.3,17.6868,83.2185
S0640,2026-01-03,Hyderabad,Warangal,168,Carrier_A,V01,182,Low,Rain,Normal,6,5.37,0,2276.73,260.26,17.9689,79.5941
S0641,2026-05-01,Hyderabad,Pune,562,Carrier_C,V03,304,High,Normal,Normal,15,14.48,0,6161.68,503.24,18.5204,73.8567
S0642,2026-04-16,Hyderabad,Visakhapatnam,612,Carrier_A,V04,887,Medium,Normal,Normal,12,12.55,1,7721.2,872.1,17.6868,83.2185
S0643,2026-06-24,Hyderabad,Warangal,159,Carrier_B,V04,315,Low,Normal,Normal,4,3.7,0,1857.45,227.09,17.9689,79.5941
S0644,2026-05-26,Hyderabad,Bengaluru,558,Carrier_A,V01,456,Medium,Normal,High,15,13.57,0,7012.72,1047.1,12.9716,77.5946
S0645,2026-04-17,Hyderabad,Visakhapatnam,624,Carrier_D,V01,381,Medium,Normal,High,14,13.46,0,8151.24,741.03,17.6868,83.2185
S0646,2026-05-25,Hyderabad,Visakhapatnam,638,Carrier_A,V02,190,Medium,Normal,Normal,15,14.77,0,8014.56,851.96,17.6868,83.2185
S0647,2026-07-24,Hyderabad,Chennai,654,Carrier_D,V05,241,Medium,Normal,Normal,16,13.93,0,8651.53,1082.61,13.0827,80.2707
S0648,2026-05-05,Hyderabad,Warangal,142,Carrier_C,V03,696,Low,Normal,Normal,4,3.18,0,1657.41,245.13,17.9689,79.5941
S0649,2026-07-03,Hyderabad,Warangal,159,Carrier_B,V05,753,Medium,Normal,Normal,5,4.22,0,1847.11,220.5,17.9689,79.5941
S0650,2026-04-28,Hyderabad,Warangal,131,Carrier_C,V01,545,Low,Normal,High,6,3.2,0,1352.76,213.41,17.9689,79.5941
S0651,2026-03-20,Hyderabad,Mumbai,720,Carrier_B,V01,770,Medium,Normal,Normal,18,16.87,0,8458.39,1338.07,19.076,72.8777
S0652,2026-06-22,Hyderabad,Warangal,137,Carrier_B,V03,646,Medium,Normal,Normal,6,4.34,0,1637.94,249.54,17.9689,79.5941
S0653,2026-07-09,Hyderabad,Warangal,143,Carrier_D,V02,627,Low,Rain,Normal,6,5.11,0,1916.26,190.72,17.9689,79.5941
S0654,2026-04-25,Hyderabad,Visakhapatnam,633,Carrier_B,V04,442,Medium,Normal,Normal,14,14.24,1,7432.91,1178.95,17.6868,83.2185
S0655,2026-06-04,Hyderabad,Vijayawada,292,Carrier_A,V03,370,High,Normal,Normal,6,8.94,1,3599.93,505.08,16.5062,80.648
S0656,2026-08-14,Hyderabad,Mumbai,713,Carrier_B,V05,839,Medium,Rain,High,15,15.17,1,8340.92,745.21,19.076,72.8777
S0657,2026-03-29,Hyderabad,Pune,557,Carrier_A,V04,425,High,Normal,High,14,11.41,0,7040.78,708.23,18.5204,73.8567
S0658,2026-01-21,Hyderabad,Visakhapatnam,608,Carrier_A,V01,651,Medium,Normal,Normal,14,12.59,0,7723.66,899.85,17.6868,83.2185
S0659,2026-04-18,Hyderabad,Chennai,636,Carrier_B,V03,220,Medium,Normal,Normal,16,13.66,0,7554.32,1091.51,13.0827,80.2707
S0660,2026-04-24,Hyderabad,Chennai,633,Carrier_B,V01,806,High,Rain,High,15,16.2,1,7578.03,883.26,13.0827,80.2707
S0661,2026-07-15,Hyderabad,Chennai,637,Carrier_C,V04,584,Low,Normal,Normal,11,13.0,1,6993.21,747.61,13.0827,80.2707
S0662,2026-04-08,Hyderabad,Vijayawada,288,Carrier_B,V04,489,Medium,Normal,Urgent,6,5.85,0,3379.58,424.65,16.5062,80.648
S0663,2026-01-17,Hyderabad,Pune,536,Carrier_B,V02,846,Medium,Rain,Normal,9,11.14,1,6419.41,674.7,18.5204,73.8567
S0664,2026-03-16,Hyderabad,Mumbai,693,Carrier_A,V04,370,Medium,Normal,Urgent,14,14.08,1,8750.38,1383.31,19.076,72.8777
S0665,2026-01-16,Hyderabad,Vijayawada,250,Carrier_D,V02,394,Low,Rain,High,8,6.04,0,3340.73,450.27,16.5062,80.648
S0666,2026-05-19,Hyderabad,Warangal,170,Carrier_D,V01,556,Medium,Normal,High,5,4.54,0,2141.15,279.02,17.9689,79.5941
S0667,2026-06-29,Hyderabad,Visakhapatnam,626,Carrier_C,V01,666,Low,Normal,High,15,16.07,1,6887.97,812.94,17.6868,83.2185
S0668,2026-07-17,Hyderabad,Warangal,133,Carrier_A,V04,262,Medium,Normal,High,4,3.35,0,1654.9,226.22,17.9689,79.5941
S0669,2026-01-16,Hyderabad,Visakhapatnam,641,Carrier_B,V03,731,Low,Normal,High,17,14.63,0,7494.95,840.81,17.6868,83.2185
S0670,2026-03-09,Hyderabad,Pune,559,Carrier_D,V02,498,Medium,Normal,Normal,13,12.46,0,7352.7,702.8,18.5204,73.8567
S0671,2026-05-18,Hyderabad,Mumbai,690,Carrier_D,V03,232,High,Normal,Normal,17,16.76,0,9165.7,897.37,19.076,72.8777
S0672,2026-06-09,Hyderabad,Mumbai,694,Carrier_A,V01,877,Low,Normal,High,18,14.82,0,8577.55,1085.85,19.076,72.8777
S0673,2026-05-08,Hyderabad,Pune,569,Carrier_C,V03,183,High,Normal,Normal,10,13.42,1,6194.77,929.19,18.5204,73.8567
S0674,2026-07-01,Hyderabad,Mumbai,713,Carrier_D,V05,466,Medium,Normal,Normal,15,14.22,0,9328.84,1396.55,19.076,72.8777
S0675,2026-04-03,Hyderabad,Chennai,619,Carrier_A,V03,298,Low,Normal,Normal,15,14.08,0,7937.37,969.48,13.0827,80.2707
S0676,2026-05-11,Hyderabad,Warangal,129,Carrier_B,V05,715,Low,Normal,Normal,4,3.81,0,1591.65,214.47,17.9689,79.5941
S0677,2026-05-15,Hyderabad,Vijayawada,284,Carrier_C,V03,573,Medium,Rain,Urgent,7,7.48,1,3238.53,305.89,16.5062,80.648
S0678,2026-04-26,Hyderabad,Bengaluru,575,Carrier_B,V05,453,Medium,Rain,Normal,11,14.83,1,6906.51,1003.19,12.9716,77.5946
S0679,2026-01-19,Hyderabad,Warangal,131,Carrier_D,V03,414,Low,Rain,Normal,6,3.02,0,1761.29,144.45,17.9689,79.5941
S0680,2026-02-06,Hyderabad,Visakhapatnam,605,Carrier_D,V03,241,Low,Rain,High,14,10.85,0,7847.93,686.41,17.6868,83.2185
S0681,2026-01-01,Hyderabad,Vijayawada,284,Carrier_D,V02,708,High,Normal,Normal,7,9.41,1,3517.86,316.52,16.5062,80.648
S0682,2026-05-11,Hyderabad,Mumbai,703,Carrier_C,V03,271,Medium,Rain,Normal,15,15.44,1,7692.1,1187.57,19.076,72.8777
S0683,2026-06-01,Hyderabad,Visakhapatnam,638,Carrier_A,V02,488,Low,Normal,Normal,12,14.59,1,8004.52,1071.02,17.6868,83.2185
S0684,2026-02-17,Hyderabad,Mumbai,698,Carrier_B,V05,206,Low,Normal,Normal,14,14.6,1,8157.42,1028.35,19.076,72.8777
S0685,2026-03-22,Hyderabad,Mumbai,717,Carrier_A,V02,265,Medium,Rain,Normal,16,16.85,1,8999.55,1333.69,19.076,72.8777
S0686,2026-05-12,Hyderabad,Mumbai,727,Carrier_D,V03,283,High,Normal,Normal,16,14.83,0,9677.81,1259.02,19.076,72.8777
S0687,2026-04-08,Hyderabad,Chennai,632,Carrier_C,V01,248,High,Normal,Normal,14,15.5,1,7015.58,824.37,13.0827,80.2707
S0688,2026-07-11,Hyderabad,Chennai,643,Carrier_A,V03,171,Medium,Normal,Normal,15,13.1,0,8089.65,1278.51,13.0827,80.2707
S0689,2026-06-01,Hyderabad,Vijayawada,295,Carrier_B,V03,829,Medium,Normal,Urgent,7,7.13,1,3558.0,412.7,16.5062,80.648
S0690,2026-07-15,Hyderabad,Visakhapatnam,639,Carrier_B,V02,699,Medium,Normal,High,15,12.51,0,7530.33,917.67,17.6868,83.2185
S0691,2026-04-06,Hyderabad,Pune,557,Carrier_D,V03,858,Medium,Rain,High,15,13.57,0,7296.7,859.94,18.5204,73.8567
S0692,2026-08-07,Hyderabad,Chennai,640,Carrier_A,V03,536,Low,Normal,Normal,11,10.4,0,7992.44,852.83,13.0827,80.2707
S0693,2026-05-15,Hyderabad,Mumbai,729,Carrier_B,V03,598,Medium,Normal,Normal,15,15.8,1,8618.26,1231.15,19.076,72.8777
S0694,2026-07-01,Hyderabad,Visakhapatnam,607,Carrier_A,V03,834,High,Normal,Normal,14,14.3,1,7611.43,1157.84,17.6868,83.2185
S0695,2026-02-16,Hyderabad,Visakhapatnam,624,Carrier_C,V05,879,Low,Normal,Normal,12,12.1,1,6840.06,833.16,17.6868,83.2185
S0696,2026-01-01,Hyderabad,Vijayawada,258,Carrier_A,V05,626,Medium,Normal,Normal,6,6.56,1,3230.38,482.61,16.5062,80.648
S0697,2026-05-30,Hyderabad,Mumbai,717,Carrier_B,V05,934,Low,Normal,Normal,14,15.55,1,8404.37,1073.19,19.076,72.8777
S0698,2026-06-28,Hyderabad,Vijayawada,299,Carrier_D,V03,676,Medium,Rain,Normal,8,7.79,0,3739.48,552.3,16.5062,80.648
S0699,2026-06-12,Hyderabad,Mumbai,721,Carrier_B,V05,174,Medium,Normal,Normal,18,16.06,0,8593.39,1312.76,19.076,72.8777
S0700,2026-01-07,Hyderabad,Bengaluru,586,Carrier_B,V05,635,Low,Normal,High,11,12.26,1,6993.48,1009.44,12.9716,77.5946
S0701,2026-07-27,Hyderabad,Mumbai,699,Carrier_B,V04,420,Low,Normal,Normal,12,13.4,1,8192.06,921.19,19.076,72.8777
S0702,2026-01-04,Hyderabad,Visakhapatnam,621,Carrier_B,V04,796,Low,Normal,Normal,13,12.36,0,7379.7,637.13,17.6868,83.2185
S0703,2026-01-26,Hyderabad,Vijayawada,277,Carrier_B,V01,542,Low,Normal,Normal,6,5.52,0,3310.06,281.1,16.5062,80.648
S0704,2026-01-03,Hyderabad,Chennai,640,Carrier_C,V01,408,Low,Normal,Normal,14,12.47,0,7104.04,1049.89,13.0827,80.2707
S0705,2026-01-10,Hyderabad,Warangal,169,Carrier_B,V05,943,Medium,Normal,Normal,5,3.78,0,2139.12,318.51,17.9689,79.5941
S0706,2026-05-20,Hyderabad,Mumbai,725,Carrier_B,V03,611,Medium,Normal,Normal,17,17.15,1,8409.04,1312.07,19.076,72.8777
S0707,2026-04-21,Hyderabad,Chennai,605,Carrier_A,V05,380,Medium,Normal,Urgent,11,13.0,1,7601.61,869.92,13.0827,80.2707
S0708,2026-03-18,Hyderabad,Chennai,642,Carrier_A,V01,239,Medium,Normal,High,14,14.51,1,7952.39,1162.42,13.0827,80.2707
S0709,2026-03-19,Hyderabad,Vijayawada,298,Carrier_B,V01,847,Medium,Normal,Normal,8,6.34,0,3469.55,340.79,16.5062,80.648
S0710,2026-01-10,Hyderabad,Chennai,608,Carrier_B,V05,392,Medium,Normal,Normal,13,11.05,0,7055.91,877.29,13.0827,80.2707
S0711,2026-03-28,Hyderabad,Pune,580,Carrier_C,V02,817,Low,Normal,Normal,10,13.69,1,6321.35,707.41,18.5204,73.8567
S0712,2026-02-09,Hyderabad,Mumbai,695,Carrier_D,V03,502,High,Normal,High,16,15.14,0,9257.88,1057.63,19.076,72.8777
S0713,2026-04-12,Hyderabad,Bengaluru,572,Carrier_A,V03,382,Medium,Normal,Urgent,14,13.82,0,7070.51,1034.21,12.9716,77.5946
S0714,2026-08-15,Hyderabad,Bengaluru,581,Carrier_C,V04,399,High,Rain,High,13,15.4,1,6514.34,955.23,12.9716,77.5946
S0715,2026-01-12,Hyderabad,Chennai,648,Carrier_D,V01,435,Medium,Rain,Normal,12,14.63,1,8610.48,1285.19,13.0827,80.2707
S0716,2026-05-10,Hyderabad,Pune,558,Carrier_B,V04,220,Low,Normal,Normal,14,10.78,0,6454.22,764.53,18.5204,73.8567
S0717,2026-03-24,Hyderabad,Bengaluru,565,Carrier_A,V05,728,Low,Normal,Normal,11,13.06,1,7111.65,1098.93,12.9716,77.5946
S0718,2026-06-07,Hyderabad,Chennai,618,Carrier_C,V01,708,Medium,Normal,Normal,15,13.51,0,6860.95,611.21,13.0827,80.2707
S0719,2026-03-27,Hyderabad,Mumbai,710,Carrier_A,V04,636,Medium,Normal,Normal,17,16.43,0,8881.65,1059.01,19.076,72.8777
S0720,2026-04-16,Hyderabad,Mumbai,700,Carrier_B,V05,541,High,Normal,High,16,17.19,1,8157.12,663.08,19.076,72.8777
S0721,2026-07-29,Hyderabad,Pune,566,Carrier_A,V03,855,Low,Rain,Normal,14,11.18,0,6985.41,838.44,18.5204,73.8567
S0722,2026-02-03,Hyderabad,Bengaluru,563,Carrier_A,V05,282,Medium,Normal,Normal,12,11.54,0,7114.52,866.23,12.9716,77.5946
S0723,2026-08-02,Hyderabad,Mumbai,698,Carrier_C,V03,572,Low,Normal,High,16,14.89,0,7458.82,646.75,19.076,72.8777
S0724,2026-05-07,Hyderabad,Warangal,140,Carrier_A,V02,315,Medium,Normal,Normal,5,3.23,0,1609.66,194.64,17.9689,79.5941
S0725,2026-01-19,Hyderabad,Vijayawada,289,Carrier_A,V05,761,High,Normal,Normal,8,7.66,0,3585.13,496.89,16.5062,80.648
S0726,2026-01-19,Hyderabad,Chennai,636,Carrier_C,V01,541,Low,Rain,Normal,15,15.23,1,7088.78,688.62,13.0827,80.2707
S0727,2026-06-12,Hyderabad,Visakhapatnam,624,Carrier_B,V01,306,Medium,Rain,High,11,15.04,1,7207.07,778.5,17.6868,83.2185
S0728,2026-08-05,Hyderabad,Visakhapatnam,599,Carrier_A,V02,891,High,Normal,Normal,14,11.9,0,7541.27,640.05,17.6868,83.2185
S0729,2026-02-24,Hyderabad,Visakhapatnam,624,Carrier_B,V04,822,Medium,Severe,Normal,15,16.6,1,7296.02,627.51,17.6868,83.2185
S0730,2026-04-14,Hyderabad,Mumbai,688,Carrier_B,V05,711,Medium,Normal,Normal,14,14.99,1,8285.23,1148.19,19.076,72.8777
S0731,2026-06-20,Hyderabad,Warangal,149,Carrier_D,V01,421,High,Normal,High,6,5.19,0,1977.06,237.61,17.9689,79.5941
S0732,2026-01-08,Hyderabad,Bengaluru,567,Carrier_A,V01,403,Low,Normal,Normal,12,10.98,0,7069.79,1016.32,12.9716,77.5946
S0733,2026-01-13,Hyderabad,Vijayawada,283,Carrier_C,V01,747,Medium,Rain,Normal,8,7.49,0,3148.9,459.83,16.5062,80.648
S0734,2026-08-11,Hyderabad,Mumbai,700,Carrier_B,V01,651,Low,Normal,High,14,12.67,0,8284.84,838.16,19.076,72.8777
S0735,2026-02-23,Hyderabad,Pune,559,Carrier_B,V02,882,Medium,Rain,Normal,15,14.7,0,6421.38,825.9,18.5204,73.8567
S0736,2026-01-31,Hyderabad,Warangal,165,Carrier_A,V01,869,Medium,Normal,High,6,4.89,0,1998.52,232.73,17.9689,79.5941
S0737,2026-06-30,Hyderabad,Mumbai,728,Carrier_C,V03,933,Medium,Normal,Normal,17,15.76,0,8085.15,709.29,19.076,72.8777
S0738,2026-02-28,Hyderabad,Vijayawada,281,Carrier_C,V05,654,High,Normal,High,6,6.95,1,3158.2,398.75,16.5062,80.648
S0739,2026-03-25,Hyderabad,Vijayawada,268,Carrier_B,V01,625,Low,Normal,Normal,8,5.33,0,3232.73,384.05,16.5062,80.648
S0740,2026-01-20,Hyderabad,Pune,568,Carrier_B,V01,680,Medium,Normal,Urgent,13,13.42,1,6626.5,971.86,18.5204,73.8567
S0741,2026-04-10,Hyderabad,Chennai,626,Carrier_C,V01,618,Medium,Normal,Normal,14,13.9,0,6819.83,857.29,13.0827,80.2707
S0742,2026-02-22,Hyderabad,Chennai,652,Carrier_B,V02,760,Medium,Normal,Normal,15,13.41,0,7638.07,1174.73,13.0827,80.2707
S0743,2026-06-25,Hyderabad,Visakhapatnam,607,Carrier_B,V02,813,High,Normal,High,15,14.13,0,7165.49,997.88,17.6868,83.2185
S0744,2026-04-06,Hyderabad,Mumbai,697,Carrier_C,V01,267,Low,Normal,Normal,12,13.22,1,7565.05,1198.25,19.076,72.8777
S0745,2026-04-30,Hyderabad,Pune,552,Carrier_C,V04,299,Low,Normal,High,15,13.02,0,6008.57,662.48,18.5204,73.8567
S0746,2026-01-12,Hyderabad,Warangal,163,Carrier_C,V03,396,Medium,Normal,Normal,6,4.35,0,1827.63,249.19,17.9689,79.5941
S0747,2026-07-24,Hyderabad,Visakhapatnam,621,Carrier_A,V01,309,Medium,Normal,Urgent,10,13.72,1,7728.39,861.22,17.6868,83.2185
S0748,2026-06-03,Hyderabad,Pune,560,Carrier_B,V03,561,Medium,Rain,Normal,12,11.37,0,6620.55,822.12,18.5204,73.8567
S0749,2026-05-05,Hyderabad,Visakhapatnam,621,Carrier_B,V05,756,Medium,Normal,Normal,13,13.53,1,7334.62,884.94,17.6868,83.2185
S0750,2026-05-26,Hyderabad,Chennai,646,Carrier_B,V01,311,Medium,Normal,Normal,13,15.93,1,7709.1,1177.32,13.0827,80.2707
S0751,2026-01-17,Hyderabad,Warangal,159,Carrier_C,V01,173,Medium,Rain,Normal,6,4.69,0,1658.47,136.91,17.9689,79.5941
S0752,2026-05-17,Hyderabad,Vijayawada,275,Carrier_C,V05,358,Medium,Rain,Normal,7,7.76,1,2963.6,396.4,16.5062,80.648
S0753,2026-05-20,Hyderabad,Warangal,129,Carrier_D,V05,787,Low,Severe,High,6,5.55,0,1717.96,165.75,17.9689,79.5941
S0754,2026-05-06,Hyderabad,Warangal,170,Carrier_D,V03,771,Medium,Rain,Normal,6,5.5,0,2240.7,269.08,17.9689,79.5941
S0755,2026-06-21,Hyderabad,Warangal,129,Carrier_C,V04,317,Medium,Rain,Normal,5,3.44,0,1476.76,211.46,17.9689,79.5941
S0756,2026-01-03,Hyderabad,Warangal,157,Carrier_B,V04,558,Low,Rain,Normal,5,3.0,0,1941.28,229.22,17.9689,79.5941
S0757,2026-02-16,Hyderabad,Mumbai,726,Carrier_D,V03,162,Medium,Normal,Normal,16,15.73,0,9502.75,1399.6,19.076,72.8777
S0758,2026-06-24,Hyderabad,Warangal,155,Carrier_A,V02,260,Medium,Normal,Normal,5,4.24,0,1903.98,198.65,17.9689,79.5941
S0759,2026-05-08,Hyderabad,Warangal,162,Carrier_B,V04,269,Low,Rain,Normal,5,5.69,1,1917.46,277.76,17.9689,79.5941
S0760,2026-02-17,Hyderabad,Pune,539,Carrier_A,V05,717,Low,Normal,Normal,10,10.25,1,6860.64,733.36,18.5204,73.8567
S0761,2026-04-24,Hyderabad,Bengaluru,580,Carrier_A,V05,717,High,Normal,Normal,14,13.25,0,7367.63,827.6,12.9716,77.5946
S0762,2026-03-13,Hyderabad,Vijayawada,282,Carrier_D,V02,298,Medium,Rain,Urgent,7,6.75,0,3685.28,544.4,16.5062,80.648
S0763,2026-07-03,Hyderabad,Vijayawada,251,Carrier_A,V02,329,Medium,Normal,Normal,6,7.07,1,3061.14,392.36,16.5062,80.648
S0764,2026-02-19,Hyderabad,Visakhapatnam,639,Carrier_B,V03,731,Medium,Normal,High,11,12.69,1,7517.26,1108.7,17.6868,83.2185
S0765,2026-02-25,Hyderabad,Warangal,167,Carrier_D,V01,771,Medium,Normal,Normal,4,4.29,1,2107.94,226.62,17.9689,79.5941
S0766,2026-05-07,Hyderabad,Vijayawada,252,Carrier_D,V01,608,Low,Severe,High,8,7.48,0,3358.03,362.06,16.5062,80.648
S0767,2026-03-01,Hyderabad,Visakhapatnam,603,Carrier_A,V04,813,Medium,Normal,High,13,13.4,1,7543.74,633.7,17.6868,83.2185
S0768,2026-08-07,Hyderabad,Pune,548,Carrier_D,V02,192,Low,Normal,Normal,14,10.83,0,7356.12,973.32,18.5204,73.8567
S0769,2026-04-11,Hyderabad,Chennai,655,Carrier_A,V01,362,Low,Normal,Normal,15,13.07,0,8051.06,1255.39,13.0827,80.2707
S0770,2026-07-10,Hyderabad,Visakhapatnam,616,Carrier_A,V03,752,Low,Rain,Normal,15,12.79,0,7748.89,1141.58,17.6868,83.2185
S0771,2026-01-29,Hyderabad,Bengaluru,566,Carrier_B,V01,710,Low,Normal,Normal,14,11.6,0,6637.15,589.59,12.9716,77.5946
S0772,2026-03-01,Hyderabad,Vijayawada,265,Carrier_C,V02,563,Low,Rain,Normal,6,5.95,0,3001.58,247.41,16.5062,80.648
S0773,2026-02-17,Hyderabad,Pune,554,Carrier_C,V02,491,Medium,Rain,Normal,10,12.0,1,5954.06,821.93,18.5204,73.8567
S0774,2026-01-08,Hyderabad,Mumbai,698,Carrier_A,V02,329,Low,Severe,Normal,15,15.22,1,8739.8,1253.41,19.076,72.8777
S0775,2026-02-14,Hyderabad,Warangal,134,Carrier_A,V03,670,Low,Rain,High,6,3.75,0,1813.43,248.88,17.9689,79.5941
S0776,2026-03-06,Hyderabad,Mumbai,707,Carrier_A,V05,869,Low,Normal,Normal,14,15.94,1,8703.53,972.26,19.076,72.8777
S0777,2026-01-06,Hyderabad,Bengaluru,591,Carrier_B,V02,388,Medium,Normal,Normal,14,13.76,0,6978.11,752.79,12.9716,77.5946
S0778,2026-04-20,Hyderabad,Mumbai,733,Carrier_C,V05,161,Medium,Normal,Urgent,19,17.88,0,7999.45,989.02,19.076,72.8777
S0779,2026-01-10,Hyderabad,Warangal,125,Carrier_A,V02,594,Low,Normal,Normal,6,3.0,0,1525.32,145.09,17.9689,79.5941
S0780,2026-02-26,Hyderabad,Vijayawada,291,Carrier_C,V01,305,Medium,Rain,High,9,7.72,0,2997.74,281.16,16.5062,80.648
S0781,2026-06-13,Hyderabad,Bengaluru,589,Carrier_C,V02,728,Low,Normal,Normal,15,12.69,0,6551.71,560.42,12.9716,77.5946
S0782,2026-01-05,Hyderabad,Visakhapatnam,612,Carrier_B,V04,947,Low,Normal,Normal,13,12.04,0,7322.75,1132.12,17.6868,83.2185
S0783,2026-02-02,Hyderabad,Vijayawada,279,Carrier_C,V04,752,Medium,Rain,High,6,6.25,1,3080.83,330.33,16.5062,80.648
S0784,2026-08-15,Hyderabad,Chennai,619,Carrier_D,V01,358,Medium,Normal,Normal,15,13.48,0,8080.51,809.52,13.0827,80.2707
S0785,2026-03-07,Hyderabad,Chennai,645,Carrier_D,V03,701,Low,Normal,Normal,17,12.35,0,8571.32,1138.14,13.0827,80.2707
S0786,2026-05-05,Hyderabad,Warangal,162,Carrier_C,V01,345,Low,Normal,Normal,6,3.49,0,1651.49,234.18,17.9689,79.5941
S0787,2026-04-17,Hyderabad,Warangal,165,Carrier_A,V05,906,Medium,Rain,Normal,7,5.83,0,2147.1,326.94,17.9689,79.5941
S0788,2026-05-11,Hyderabad,Pune,571,Carrier_D,V01,270,Medium,Rain,High,15,13.36,0,7529.04,1049.01,18.5204,73.8567
S0789,2026-07-24,Hyderabad,Pune,538,Carrier_D,V01,602,Low,Normal,High,14,11.05,0,7178.28,1111.97,18.5204,73.8567
S0790,2026-01-07,Hyderabad,Chennai,639,Carrier_B,V02,184,Medium,Normal,Normal,17,15.8,0,7453.8,912.79,13.0827,80.2707
S0791,2026-01-21,Hyderabad,Vijayawada,257,Carrier_A,V01,600,High,Normal,High,7,7.19,1,3192.65,464.15,16.5062,80.648
S0792,2026-03-24,Hyderabad,Bengaluru,547,Carrier_A,V03,616,Low,Normal,High,11,12.73,1,6759.98,787.03,12.9716,77.5946
S0793,2026-01-20,Hyderabad,Vijayawada,285,Carrier_C,V05,793,Medium,Rain,Normal,6,7.77,1,2941.09,308.94,16.5062,80.648
S0794,2026-08-01,Hyderabad,Mumbai,710,Carrier_B,V02,580,Low,Normal,Normal,12,13.6,1,8416.62,1243.34,19.076,72.8777
S0795,2026-02-15,Hyderabad,Chennai,640,Carrier_B,V04,291,Low,Normal,Normal,16,15.29,0,7558.12,709.02,13.0827,80.2707
S0796,2026-02-05,Hyderabad,Mumbai,708,Carrier_B,V02,155,Medium,Normal,High,14,15.84,1,8230.71,800.08,19.076,72.8777
S0797,2026-01-12,Hyderabad,Visakhapatnam,638,Carrier_A,V03,293,Medium,Normal,High,13,12.8,0,8018.44,722.08,17.6868,83.2185
S0798,2026-06-21,Hyderabad,Pune,571,Carrier_C,V04,699,Medium,Normal,High,16,14.52,0,6111.19,505.02,18.5204,73.8567
S0799,2026-07-23,Hyderabad,Visakhapatnam,608,Carrier_C,V02,600,Low,Normal,Urgent,16,13.05,0,6548.95,640.04,17.6868,83.2185
S0800,2026-05-28,Hyderabad,Pune,551,Carrier_A,V01,629,Low,Normal,Urgent,14,11.94,0,6914.16,974.01,18.5204,73.8567
S0801,2026-05-03,Hyderabad,Visakhapatnam,643,Carrier_A,V02,785,Low,Normal,Normal,14,13.82,0,7872.53,881.16,17.6868,83.2185
S0802,2026-03-07,Hyderabad,Mumbai,693,Carrier_B,V04,489,Medium,Rain,Normal,12,14.72,1,8177.54,992.69,19.076,72.8777
S0803,2026-08-05,Hyderabad,Vijayawada,287,Carrier_B,V04,793,High,Rain,Normal,9,9.51,1,3329.18,390.55,16.5062,80.648
S0804,2026-08-03,Hyderabad,Mumbai,691,Carrier_B,V03,789,Medium,Severe,Normal,17,17.66,1,8210.13,1285.45,19.076,72.8777
S0805,2026-01-18,Hyderabad,Visakhapatnam,620,Carrier_B,V03,818,Low,Normal,Normal,14,11.47,0,7364.58,1055.57,17.6868,83.2185
S0806,2026-03-21,Hyderabad,Chennai,652,Carrier_B,V01,235,Low,Normal,High,12,13.38,1,7653.81,684.77,13.0827,80.2707
S0807,2026-03-27,Hyderabad,Pune,576,Carrier_C,V04,881,Medium,Normal,Normal,12,12.77,1,6137.97,808.22,18.5204,73.8567
S0808,2026-04-13,Hyderabad,Chennai,618,Carrier_A,V05,393,Medium,Normal,Normal,14,14.14,1,7562.98,1196.96,13.0827,80.2707
S0809,2026-08-03,Hyderabad,Bengaluru,552,Carrier_C,V05,855,Low,Normal,High,13,12.65,0,6150.0,620.72,12.9716,77.5946
S0810,2026-02-17,Hyderabad,Bengaluru,577,Carrier_B,V03,212,Medium,Normal,High,13,11.87,0,6922.28,859.75,12.9716,77.5946
S0811,2026-06-24,Hyderabad,Vijayawada,276,Carrier_A,V02,658,Medium,Normal,Normal,6,6.84,1,3490.67,285.71,16.5062,80.648
S0812,2026-01-17,Hyderabad,Warangal,156,Carrier_A,V05,227,Low,Rain,Normal,4,3.73,0,2125.49,190.87,17.9689,79.5941
S0813,2026-02-10,Hyderabad,Mumbai,732,Carrier_A,V02,503,Low,Rain,Normal,17,14.77,0,9155.58,1464.53,19.076,72.8777
S0814,2026-03-19,Hyderabad,Visakhapatnam,627,Carrier_B,V01,188,High,Rain,Urgent,16,16.01,1,7500.34,1094.44,17.6868,83.2185
S0815,2026-02-16,Hyderabad,Bengaluru,557,Carrier_A,V04,243,Low,Normal,Normal,14,10.07,0,7006.07,937.53,12.9716,77.5946
S0816,2026-04-27,Hyderabad,Chennai,624,Carrier_A,V04,571,Low,Normal,High,15,12.38,0,7831.97,853.64,13.0827,80.2707
S0817,2026-08-02,Hyderabad,Vijayawada,295,Carrier_B,V02,503,Low,Normal,Urgent,8,5.68,0,3425.9,407.09,16.5062,80.648
S0818,2026-07-11,Hyderabad,Visakhapatnam,598,Carrier_C,V03,643,Medium,Normal,Normal,13,11.31,0,6559.4,879.17,17.6868,83.2185
S0819,2026-02-08,Hyderabad,Warangal,154,Carrier_A,V03,634,High,Normal,Urgent,6,5.12,0,1863.42,186.38,17.9689,79.5941
S0820,2026-01-22,Hyderabad,Visakhapatnam,631,Carrier_C,V02,709,High,Rain,Urgent,16,16.0,0,6922.97,976.4,17.6868,83.2185
S0821,2026-07-07,Hyderabad,Mumbai,718,Carrier_B,V03,797,Medium,Normal,Normal,16,16.0,0,8435.82,1306.77,19.076,72.8777
S0822,2026-04-07,Hyderabad,Visakhapatnam,607,Carrier_C,V01,744,High,Normal,High,16,15.88,0,6675.7,1011.31,17.6868,83.2185
S0823,2026-01-04,Hyderabad,Mumbai,701,Carrier_B,V05,188,Low,Normal,Normal,15,12.78,0,8319.37,1169.47,19.076,72.8777
S0824,2026-07-02,Hyderabad,Bengaluru,595,Carrier_D,V04,538,High,Normal,Normal,13,14.81,1,7831.23,788.23,12.9716,77.5946
S0825,2026-06-11,Hyderabad,Vijayawada,264,Carrier_C,V03,588,Medium,Normal,High,7,6.08,0,2826.42,344.4,16.5062,80.648
S0826,2026-04-25,Hyderabad,Pune,536,Carrier_B,V01,230,Medium,Normal,High,12,11.82,0,6294.36,713.4,18.5204,73.8567
S0827,2026-04-26,Hyderabad,Warangal,156,Carrier_A,V04,633,Low,Rain,High,6,5.27,0,2001.58,187.05,17.9689,79.5941
S0828,2026-05-27,Hyderabad,Visakhapatnam,617,Carrier_C,V05,707,Low,Normal,Normal,12,12.16,1,6735.93,680.53,17.6868,83.2185
S0829,2026-04-10,Hyderabad,Warangal,138,Carrier_C,V03,333,Low,Normal,High,4,3.0,0,1660.2,215.69,17.9689,79.5941
S0830,2026-01-20,Hyderabad,Bengaluru,574,Carrier_A,V04,321,Medium,Normal,Normal,11,13.19,1,7155.7,784.35,12.9716,77.5946
S0831,2026-05-24,Hyderabad,Warangal,151,Carrier_D,V02,221,High,Rain,Normal,6,5.38,0,1720.48,211.79,17.9689,79.5941
S0832,2026-05-09,Hyderabad,Mumbai,701,Carrier_B,V03,326,Low,Normal,High,16,13.84,0,8067.14,915.42,19.076,72.8777
S0833,2026-02-07,Hyderabad,Chennai,606,Carrier_B,V01,527,Low,Normal,Normal,14,12.72,0,7240.79,851.13,13.0827,80.2707
S0834,2026-01-08,Hyderabad,Chennai,648,Carrier_C,V02,517,Low,Rain,Normal,13,14.42,1,7037.73,855.8,13.0827,80.2707
S0835,2026-03-13,Hyderabad,Mumbai,705,Carrier_A,V03,602,Medium,Normal,High,17,15.08,0,8781.05,1378.26,19.076,72.8777
S0836,2026-03-20,Hyderabad,Pune,555,Carrier_C,V05,310,Medium,Rain,High,13,12.31,0,6202.55,846.22,18.5204,73.8567
S0837,2026-02-06,Hyderabad,Visakhapatnam,623,Carrier_A,V05,425,Low,Normal,Normal,15,11.82,0,7832.82,947.83,17.6868,83.2185
S0838,2026-06-02,Hyderabad,Pune,540,Carrier_C,V03,697,High,Normal,Normal,13,13.22,1,5743.62,793.16,18.5204,73.8567
S0839,2026-07-22,Hyderabad,Visakhapatnam,631,Carrier_A,V02,461,Low,Rain,Urgent,15,14.27,0,7933.76,1202.46,17.6868,83.2185
S0840,2026-07-09,Hyderabad,Visakhapatnam,607,Carrier_A,V04,623,Medium,Normal,Urgent,10,12.32,1,7540.76,790.36,17.6868,83.2185
S0841,2026-02-27,Hyderabad,Warangal,143,Carrier_B,V02,651,High,Normal,Urgent,6,5.62,0,1720.58,196.89,17.9689,79.5941
S0842,2026-01-11,Hyderabad,Visakhapatnam,614,Carrier_B,V02,416,Medium,Severe,High,15,16.27,1,7271.02,964.18,17.6868,83.2185
S0843,2026-03-07,Hyderabad,Vijayawada,284,Carrier_B,V02,435,Medium,Normal,Normal,8,7.52,0,3400.72,543.55,16.5062,80.648
S0844,2026-04-18,Hyderabad,Vijayawada,300,Carrier_C,V02,941,Low,Rain,Normal,7,6.85,0,3252.88,384.59,16.5062,80.648
S0845,2026-05-21,Hyderabad,Vijayawada,298,Carrier_C,V05,627,Low,Normal,High,6,6.26,1,3102.06,400.4,16.5062,80.648
S0846,2026-06-13,Hyderabad,Warangal,171,Carrier_C,V04,755,High,Severe,High,6,8.76,1,1814.89,211.32,17.9689,79.5941
S0847,2026-06-15,Hyderabad,Bengaluru,552,Carrier_B,V02,943,Medium,Normal,Normal,12,11.18,0,6504.51,920.72,12.9716,77.5946
S0848,2026-04-07,Hyderabad,Mumbai,723,Carrier_C,V03,785,Medium,Normal,Normal,18,14.98,0,7781.66,700.04,19.076,72.8777
S0849,2026-01-15,Hyderabad,Warangal,127,Carrier_B,V04,894,Medium,Normal,Normal,4,3.97,0,1571.93,169.32,17.9689,79.5941
S0850,2026-06-18,Hyderabad,Pune,555,Carrier_D,V05,375,Low,Normal,Normal,14,11.2,0,7435.85,1038.34,18.5204,73.8567
S0851,2026-02-16,Hyderabad,Bengaluru,582,Carrier_C,V01,192,Low,Normal,Normal,12,10.84,0,6286.9,809.84,12.9716,77.5946
S0852,2026-04-13,Hyderabad,Bengaluru,557,Carrier_C,V04,240,Low,Normal,Urgent,12,10.64,0,6090.49,748.54,12.9716,77.5946
S0853,2026-03-21,Hyderabad,Warangal,154,Carrier_B,V02,889,Low,Normal,Normal,6,3.02,0,1900.54,287.28,17.9689,79.5941
S0854,2026-01-06,Hyderabad,Bengaluru,578,Carrier_C,V05,379,Medium,Normal,Normal,13,13.1,1,6276.51,815.16,12.9716,77.5946
S0855,2026-05-17,Hyderabad,Chennai,611,Carrier_A,V03,562,Low,Normal,Normal,10,11.25,1,7744.59,979.86,13.0827,80.2707
S0856,2026-07-04,Hyderabad,Visakhapatnam,603,Carrier_B,V05,324,Low,Normal,High,12,11.35,0,7065.33,1040.33,17.6868,83.2185
S0857,2026-04-23,Hyderabad,Pune,560,Carrier_A,V03,832,Low,Normal,Normal,11,12.32,1,6914.58,598.72,18.5204,73.8567
S0858,2026-04-08,Hyderabad,Pune,546,Carrier_A,V02,624,Medium,Normal,Normal,13,12.7,0,6793.91,634.03,18.5204,73.8567
S0859,2026-03-04,Hyderabad,Vijayawada,298,Carrier_B,V03,716,Low,Normal,Normal,8,7.36,0,3591.64,471.1,16.5062,80.648
S0860,2026-02-09,Hyderabad,Visakhapatnam,643,Carrier_A,V02,834,Low,Normal,Normal,16,13.64,0,8212.73,1120.83,17.6868,83.2185
S0861,2026-05-23,Hyderabad,Visakhapatnam,605,Carrier_C,V04,721,Low,Rain,High,13,14.0,1,6626.88,932.43,17.6868,83.2185
S0862,2026-05-09,Hyderabad,Chennai,625,Carrier_A,V04,774,Low,Normal,Normal,16,12.95,0,7744.42,1094.92,13.0827,80.2707
S0863,2026-01-27,Hyderabad,Chennai,627,Carrier_B,V05,572,Medium,Normal,Normal,14,12.76,0,7391.22,634.49,13.0827,80.2707
S0864,2026-01-16,Hyderabad,Warangal,155,Carrier_D,V04,866,High,Normal,Urgent,5,5.77,1,2082.91,321.35,17.9689,79.5941
S0865,2026-06-21,Hyderabad,Chennai,642,Carrier_B,V03,233,Low,Normal,Normal,14,13.9,0,7607.44,720.41,13.0827,80.2707
S0866,2026-04-11,Hyderabad,Visakhapatnam,611,Carrier_D,V02,411,Medium,Normal,Normal,14,13.83,0,8040.73,1005.47,17.6868,83.2185
S0867,2026-07-12,Hyderabad,Pune,540,Carrier_C,V01,647,Low,Normal,Normal,11,11.0,0,5833.45,909.48,18.5204,73.8567
S0868,2026-04-02,Hyderabad,Vijayawada,292,Carrier_B,V02,762,Medium,Rain,High,7,8.33,1,3464.48,441.82,16.5062,80.648
S0869,2026-01-17,Hyderabad,Mumbai,720,Carrier_B,V04,420,High,Rain,Normal,19,18.92,0,8420.46,941.01,19.076,72.8777
S0870,2026-01-31,Hyderabad,Warangal,142,Carrier_B,V04,254,Medium,Normal,Normal,6,4.55,0,1712.18,264.65,17.9689,79.5941
S0871,2026-02-28,Hyderabad,Bengaluru,545,Carrier_C,V03,808,Medium,Normal,Normal,14,12.71,0,5850.03,682.73,12.9716,77.5946
S0872,2026-03-31,Hyderabad,Vijayawada,259,Carrier_B,V03,530,Medium,Normal,Normal,6,6.67,1,2867.01,358.91,16.5062,80.648
S0873,2026-08-04,Hyderabad,Chennai,618,Carrier_A,V05,389,Medium,Normal,Normal,16,15.19,0,7643.62,768.28,13.0827,80.2707
S0874,2026-04-22,Hyderabad,Vijayawada,289,Carrier_A,V03,491,Medium,Rain,Normal,8,7.77,0,3466.86,533.79,16.5062,80.648
S0875,2026-06-05,Hyderabad,Warangal,169,Carrier_B,V01,885,Medium,Normal,High,7,4.83,0,2009.8,237.62,17.9689,79.5941
S0876,2026-06-24,Hyderabad,Warangal,160,Carrier_B,V02,888,Medium,Normal,Urgent,4,5.66,1,1987.88,264.34,17.9689,79.5941
S0877,2026-07-08,Hyderabad,Visakhapatnam,644,Carrier_A,V02,911,High,Normal,Normal,13,12.54,0,8137.28,801.42,17.6868,83.2185
S0878,2026-03-30,Hyderabad,Mumbai,708,Carrier_D,V03,556,Low,Normal,Normal,14,14.41,1,9455.88,1218.31,19.076,72.8777
S0879,2026-07-07,Hyderabad,Bengaluru,595,Carrier_A,V03,488,Medium,Normal,Normal,16,13.88,0,7448.82,606.9,12.9716,77.5946
S0880,2026-08-01,Hyderabad,Visakhapatnam,616,Carrier_A,V05,422,Medium,Normal,High,12,13.81,1,7553.7,716.72,17.6868,83.2185
S0881,2026-02-06,Hyderabad,Vijayawada,298,Carrier_D,V05,389,Medium,Normal,Normal,6,8.65,1,3897.47,529.53,16.5062,80.648
S0882,2026-06-23,Hyderabad,Visakhapatnam,610,Carrier_A,V05,558,Low,Normal,Normal,15,11.62,0,7609.06,1016.16,17.6868,83.2185
S0883,2026-04-13,Hyderabad,Bengaluru,554,Carrier_A,V05,271,Low,Rain,Normal,9,11.35,1,6910.79,778.7,12.9716,77.5946
S0884,2026-05-19,Hyderabad,Mumbai,706,Carrier_C,V01,343,Low,Rain,Normal,14,13.71,0,7579.98,1077.32,19.076,72.8777
S0885,2026-07-15,Hyderabad,Chennai,626,Carrier_B,V03,665,Low,Rain,Normal,14,15.2,1,7463.97,630.09,13.0827,80.2707
S0886,2026-05-14,Hyderabad,Mumbai,722,Carrier_A,V02,900,Medium,Normal,Normal,15,17.53,1,9043.58,1133.66,19.076,72.8777
S0887,2026-01-14,Hyderabad,Vijayawada,289,Carrier_C,V02,903,Medium,Rain,Normal,7,8.43,1,3236.91,501.81,16.5062,80.648
S0888,2026-06-11,Hyderabad,Visakhapatnam,608,Carrier_B,V01,424,Medium,Rain,Normal,14,13.39,0,7207.31,926.06,17.6868,83.2185
S0889,2026-07-28,Hyderabad,Bengaluru,554,Carrier_A,V01,679,Low,Rain,Normal,12,10.12,0,6959.48,903.16,12.9716,77.5946
S0890,2026-08-04,Hyderabad,Visakhapatnam,599,Carrier_A,V02,443,Low,Normal,Normal,12,13.14,1,7537.37,964.91,17.6868,83.2185
S0891,2026-03-15,Hyderabad,Pune,538,Carrier_C,V03,897,Low,Normal,Normal,15,12.58,0,5902.52,544.39,18.5204,73.8567
S0892,2026-07-08,Hyderabad,Chennai,623,Carrier_A,V01,509,Medium,Normal,High,15,12.1,0,7927.68,1223.67,13.0827,80.2707
S0893,2026-01-15,Hyderabad,Pune,548,Carrier_A,V05,199,Medium,Normal,Normal,14,11.18,0,6854.57,900.97,18.5204,73.8567
S0894,2026-02-24,Hyderabad,Chennai,635,Carrier_B,V02,249,Low,Rain,Normal,14,14.14,1,7351.84,1096.08,13.0827,80.2707
S0895,2026-03-28,Hyderabad,Pune,566,Carrier_A,V03,515,High,Normal,Normal,10,12.41,1,7074.55,749.21,18.5204,73.8567
S0896,2026-06-02,Hyderabad,Chennai,607,Carrier_D,V02,302,Medium,Normal,Urgent,14,11.12,0,7948.24,754.86,13.0827,80.2707
S0897,2026-08-12,Hyderabad,Pune,539,Carrier_D,V01,736,Medium,Normal,High,13,10.91,0,7346.13,1111.59,18.5204,73.8567
S0898,2026-01-21,Hyderabad,Chennai,614,Carrier_D,V04,475,Low,Normal,Normal,16,14.11,0,8022.07,1128.72,13.0827,80.2707
S0899,2026-08-12,Hyderabad,Mumbai,715,Carrier_B,V04,910,Low,Rain,High,17,15.67,0,8464.68,1266.59,19.076,72.8777
S0900,2026-03-28,Hyderabad,Visakhapatnam,613,Carrier_C,V05,484,High,Normal,Urgent,14,13.36,0,6684.34,609.92,17.6868,83.2185
S0901,2026-01-10,Hyderabad,Pune,559,Carrier_C,V02,649,Low,Normal,High,12,12.66,1,6084.65,580.95,18.5204,73.8567
S0902,2026-05-27,Hyderabad,Vijayawada,272,Carrier_D,V02,246,Low,Rain,Normal,6,5.72,0,3607.71,528.49,16.5062,80.648
S0903,2026-02-21,Hyderabad,Mumbai,729,Carrier_A,V03,315,Medium,Normal,Normal,18,16.57,0,9291.54,1170.31,19.076,72.8777
S0904,2026-01-05,Hyderabad,Visakhapatnam,628,Carrier_A,V01,626,Medium,Normal,Normal,11,13.18,1,7800.18,960.58,17.6868,83.2185
S0905,2026-01-15,Hyderabad,Chennai,614,Carrier_A,V02,891,Medium,Normal,Normal,16,13.35,0,7638.03,1051.4,13.0827,80.2707
S0906,2026-01-15,Hyderabad,Vijayawada,274,Carrier_C,V02,367,Low,Normal,Normal,6,6.13,1,2979.1,344.08,16.5062,80.648
S0907,2026-01-03,Hyderabad,Mumbai,693,Carrier_A,V03,907,Medium,Normal,Normal,14,16.03,1,8429.53,938.73,19.076,72.8777
S0908,2026-06-28,Hyderabad,Chennai,649,Carrier_A,V01,157,Medium,Normal,Normal,15,15.09,1,8116.21,656.47,13.0827,80.2707
S0909,2026-03-21,Hyderabad,Visakhapatnam,618,Carrier_D,V04,519,Medium,Normal,High,14,14.41,1,8274.54,1096.06,17.6868,83.2185
S0910,2026-07-23,Hyderabad,Pune,537,Carrier_A,V04,505,Medium,Normal,High,9,11.89,1,6727.29,1052.98,18.5204,73.8567
S0911,2026-06-19,Hyderabad,Pune,555,Carrier_C,V03,717,High,Normal,Normal,11,10.79,0,6068.97,845.98,18.5204,73.8567
S0912,2026-02-03,Hyderabad,Warangal,145,Carrier_D,V04,204,Low,Rain,High,6,4.06,0,1857.19,248.23,17.9689,79.5941
S0913,2026-06-13,Hyderabad,Bengaluru,565,Carrier_B,V01,903,Low,Normal,Normal,14,11.51,0,6701.6,891.43,12.9716,77.5946
S0914,2026-03-29,Hyderabad,Visakhapatnam,597,Carrier_B,V04,591,Medium,Normal,Normal,16,14.07,0,6927.25,1021.54,17.6868,83.2185
S0915,2026-06-30,Hyderabad,Visakhapatnam,640,Carrier_D,V02,564,High,Normal,Normal,14,13.39,0,8454.5,1288.78,17.6868,83.2185
S0916,2026-08-08,Hyderabad,Visakhapatnam,641,Carrier_B,V03,570,Medium,Rain,High,15,13.76,0,7645.55,992.43,17.6868,83.2185
S0917,2026-07-17,Hyderabad,Warangal,135,Carrier_B,V05,579,Medium,Normal,Normal,4,4.03,1,1647.22,132.84,17.9689,79.5941
S0918,2026-08-11,Hyderabad,Pune,562,Carrier_A,V05,327,Low,Normal,High,10,10.86,1,6900.17,789.06,18.5204,73.8567
S0919,2026-01-29,Hyderabad,Pune,560,Carrier_A,V02,326,Medium,Normal,Normal,14,11.79,0,7130.17,945.51,18.5204,73.8567
S0920,2026-08-08,Hyderabad,Pune,581,Carrier_B,V03,689,Medium,Normal,Normal,10,12.27,1,6824.04,733.37,18.5204,73.8567
S0921,2026-01-01,Hyderabad,Pune,555,Carrier_A,V03,532,Low,Normal,Normal,12,10.42,0,6960.38,1087.18,18.5204,73.8567
S0922,2026-03-19,Hyderabad,Bengaluru,552,Carrier_B,V01,193,Low,Normal,Normal,13,12.22,0,6477.11,867.52,12.9716,77.5946
S0923,2026-04-20,Hyderabad,Vijayawada,265,Carrier_D,V05,668,Medium,Normal,Normal,8,6.88,0,3374.98,475.56,16.5062,80.648
S0924,2026-03-07,Hyderabad,Chennai,636,Carrier_A,V04,811,Low,Rain,Normal,13,12.24,0,7793.97,1187.59,13.0827,80.2707
S0925,2026-02-18,Hyderabad,Vijayawada,290,Carrier_C,V05,809,Medium,Normal,Normal,7,7.75,1,3267.32,338.65,16.5062,80.648
S0926,2026-04-23,Hyderabad,Mumbai,707,Carrier_C,V05,230,Low,Normal,Normal,12,12.84,1,7885.57,1117.96,19.076,72.8777
S0927,2026-06-05,Hyderabad,Chennai,645,Carrier_A,V05,466,High,Normal,Normal,13,15.79,1,8077.29,865.77,13.0827,80.2707
S0928,2026-07-14,Hyderabad,Chennai,622,Carrier_B,V02,840,High,Normal,Normal,16,15.97,0,7315.61,1142.17,13.0827,80.2707
S0929,2026-04-21,Hyderabad,Mumbai,721,Carrier_A,V05,624,Low,Normal,Normal,16,14.15,0,9036.23,1389.48,19.076,72.8777
S0930,2026-05-16,Hyderabad,Warangal,142,Carrier_A,V02,266,Low,Normal,High,6,3.0,0,1707.31,155.58,17.9689,79.5941
S0931,2026-07-06,Hyderabad,Chennai,646,Carrier_B,V02,193,Medium,Normal,Normal,15,15.03,1,7674.91,849.44,13.0827,80.2707
S0932,2026-05-30,Hyderabad,Bengaluru,545,Carrier_B,V03,607,Medium,Normal,High,13,10.87,0,6429.02,849.93,12.9716,77.5946
S0933,2026-01-05,Hyderabad,Visakhapatnam,597,Carrier_A,V02,292,Low,Normal,High,13,11.93,0,7440.93,946.64,17.6868,83.2185
S0934,2026-04-09,Hyderabad,Visakhapatnam,614,Carrier_B,V01,412,Low,Rain,Normal,14,12.27,0,7265.98,918.72,17.6868,83.2185
S0935,2026-06-06,Hyderabad,Chennai,619,Carrier_A,V03,601,Medium,Normal,Normal,11,12.97,1,7677.29,1034.43,13.0827,80.2707
S0936,2026-03-05,Hyderabad,Vijayawada,269,Carrier_B,V04,553,Medium,Normal,Urgent,8,6.15,0,3250.97,494.34,16.5062,80.648
S0937,2026-03-15,Hyderabad,Pune,568,Carrier_A,V05,626,High,Normal,Normal,13,13.82,1,7061.85,1031.8,18.5204,73.8567
S0938,2026-02-01,Hyderabad,Visakhapatnam,634,Carrier_A,V05,433,Medium,Normal,Normal,15,12.97,0,7940.25,838.02,17.6868,83.2185
S0939,2026-04-26,Hyderabad,Bengaluru,567,Carrier_A,V01,465,Low,Normal,High,11,11.61,1,7111.04,968.79,12.9716,77.5946
S0940,2026-05-18,Hyderabad,Vijayawada,287,Carrier_D,V04,375,Medium,Normal,Normal,9,6.95,0,3727.07,400.57,16.5062,80.648
S0941,2026-03-05,Hyderabad,Warangal,153,Carrier_C,V05,551,Low,Normal,High,6,3.12,0,1673.19,170.09,17.9689,79.5941
S0942,2026-01-02,Hyderabad,Vijayawada,264,Carrier_B,V03,428,Low,Normal,High,7,4.94,0,3037.82,253.24,16.5062,80.648
S0943,2026-01-31,Hyderabad,Chennai,633,Carrier_D,V03,620,Medium,Normal,Normal,17,15.01,0,8391.45,683.32,13.0827,80.2707
S0944,2026-04-18,Hyderabad,Chennai,644,Carrier_C,V02,907,Low,Normal,Urgent,16,13.81,0,7113.95,769.93,13.0827,80.2707
S0945,2026-04-23,Hyderabad,Chennai,629,Carrier_B,V02,345,Low,Rain,Normal,15,14.05,0,7204.68,892.35,13.0827,80.2707
S0946,2026-04-15,Hyderabad,Visakhapatnam,639,Carrier_A,V01,772,Medium,Rain,Normal,17,15.19,0,7818.23,835.32,17.6868,83.2185
S0947,2026-02-08,Hyderabad,Pune,577,Carrier_A,V04,358,Low,Normal,Normal,15,12.25,0,7287.4,633.73,18.5204,73.8567
S0948,2026-05-07,Hyderabad,Mumbai,713,Carrier_C,V03,218,High,Normal,High,17,17.97,1,7749.26,1016.43,19.076,72.8777
S0949,2026-02-11,Hyderabad,Mumbai,720,Carrier_B,V05,665,Medium,Normal,Urgent,18,16.85,0,8488.81,859.61,19.076,72.8777
S0950,2026-01-30,Hyderabad,Bengaluru,560,Carrier_C,V05,747,Low,Normal,Normal,13,11.46,0,6169.59,556.99,12.9716,77.5946
S0951,2026-06-10,Hyderabad,Vijayawada,281,Carrier_D,V04,564,Medium,Rain,Normal,8,7.5,0,3745.35,387.53,16.5062,80.648
S0952,2026-03-16,Hyderabad,Visakhapatnam,633,Carrier_A,V02,613,Medium,Normal,Normal,16,15.12,0,7807.69,1071.64,17.6868,83.2185
S0953,2026-03-15,Hyderabad,Warangal,136,Carrier_B,V05,896,Medium,Rain,High,5,4.78,0,1710.75,258.2,17.9689,79.5941
S0954,2026-08-11,Hyderabad,Visakhapatnam,630,Carrier_B,V02,650,Medium,Normal,Normal,12,14.35,1,7434.11,956.73,17.6868,83.2185
S0955,2026-02-21,Hyderabad,Bengaluru,585,Carrier_D,V05,763,Low,Rain,Urgent,12,12.79,1,7774.18,979.09,12.9716,77.5946
S0956,2026-07-13,Hyderabad,Bengaluru,558,Carrier_C,V05,189,Low,Normal,Normal,11,11.44,1,5959.82,580.85,12.9716,77.5946
S0957,2026-01-16,Hyderabad,Chennai,634,Carrier_A,V01,559,Low,Rain,Normal,17,14.37,0,8020.8,821.07,13.0827,80.2707
S0958,2026-05-23,Hyderabad,Vijayawada,269,Carrier_C,V02,479,Low,Normal,Normal,6,5.46,0,2843.56,306.1,16.5062,80.648
S0959,2026-05-01,Hyderabad,Warangal,128,Carrier_C,V04,846,High,Normal,Normal,5,4.83,0,1338.22,135.83,17.9689,79.5941
S0960,2026-07-31,Hyderabad,Visakhapatnam,623,Carrier_A,V05,411,Medium,Normal,High,11,12.94,1,7889.52,713.19,17.6868,83.2185
S0961,2026-06-15,Hyderabad,Visakhapatnam,612,Carrier_B,V05,872,Medium,Normal,Normal,14,12.28,0,7304.26,930.07,17.6868,83.2185
S0962,2026-07-18,Hyderabad,Pune,555,Carrier_D,V01,906,Low,Normal,Normal,15,12.95,0,7334.52,713.27,18.5204,73.8567
S0963,2026-05-25,Hyderabad,Bengaluru,591,Carrier_B,V02,814,High,Normal,High,15,13.83,0,7006.37,915.9,12.9716,77.5946
S0964,2026-01-20,Hyderabad,Chennai,621,Carrier_A,V04,467,Medium,Rain,Urgent,15,14.85,0,7675.38,801.47,13.0827,80.2707
S0965,2026-02-28,Hyderabad,Mumbai,708,Carrier_C,V05,163,Medium,Normal,High,18,16.93,0,7696.86,1066.95,19.076,72.8777
S0966,2026-01-29,Hyderabad,Pune,576,Carrier_B,V03,409,Medium,Severe,High,11,15.65,1,6698.88,845.64,18.5204,73.8567
S0967,2026-08-01,Hyderabad,Pune,569,Carrier_A,V04,866,Low,Rain,Urgent,13,12.85,0,7061.82,886.8,18.5204,73.8567
S0968,2026-01-22,Hyderabad,Visakhapatnam,642,Carrier_C,V04,604,Medium,Normal,Urgent,17,14.7,0,7018.61,698.12,17.6868,83.2185
S0969,2026-03-15,Hyderabad,Visakhapatnam,636,Carrier_A,V02,814,High,Rain,High,11,15.25,1,7982.06,700.96,17.6868,83.2185
S0970,2026-03-23,Hyderabad,Bengaluru,592,Carrier_D,V01,527,Low,Normal,Normal,10,11.34,1,7638.08,1162.42,12.9716,77.5946
S0971,2026-04-08,Hyderabad,Vijayawada,260,Carrier_B,V04,877,Medium,Rain,Urgent,9,7.33,0,3092.72,252.58,16.5062,80.648
S0972,2026-01-04,Hyderabad,Vijayawada,265,Carrier_C,V04,335,Low,Normal,Normal,6,6.73,1,2805.48,381.54,16.5062,80.648
S0973,2026-02-24,Hyderabad,Vijayawada,258,Carrier_B,V03,632,Low,Normal,Normal,7,6.5,0,2967.63,266.83,16.5062,80.648
S0974,2026-02-21,Hyderabad,Bengaluru,557,Carrier_B,V04,584,Low,Rain,High,14,12.66,0,6712.32,1071.58,12.9716,77.5946
S0975,2026-05-12,Hyderabad,Warangal,153,Carrier_A,V04,330,Medium,Normal,Urgent,5,3.99,0,1941.13,170.58,17.9689,79.5941
S0976,2026-08-07,Hyderabad,Warangal,173,Carrier_A,V02,668,Low,Rain,Normal,6,4.98,0,2209.04,254.48,17.9689,79.5941
S0977,2026-07-06,Hyderabad,Vijayawada,294,Carrier_C,V02,252,Low,Normal,Normal,9,7.22,0,3172.23,297.78,16.5062,80.648
S0978,2026-04-06,Hyderabad,Vijayawada,271,Carrier_B,V05,799,High,Normal,Normal,6,7.44,1,3220.22,503.39,16.5062,80.648
S0979,2026-03-15,Hyderabad,Visakhapatnam,599,Carrier_D,V03,365,Medium,Normal,Normal,15,13.42,0,7896.49,794.54,17.6868,83.2185
S0980,2026-04-29,Hyderabad,Bengaluru,575,Carrier_A,V02,234,Low,Normal,Normal,10,11.5,1,7179.18,732.3,12.9716,77.5946
S0981,2026-01-06,Hyderabad,Visakhapatnam,622,Carrier_B,V05,389,High,Normal,Normal,15,16.12,1,7405.24,610.86,17.6868,83.2185
S0982,2026-03-10,Hyderabad,Visakhapatnam,622,Carrier_B,V01,511,Medium,Normal,Normal,14,13.33,0,7343.79,1098.52,17.6868,83.2185
S0983,2026-05-22,Hyderabad,Visakhapatnam,595,Carrier_D,V03,322,Low,Rain,High,15,13.18,0,7869.25,739.42,17.6868,83.2185
S0984,2026-06-08,Hyderabad,Warangal,140,Carrier_B,V02,491,High,Severe,Normal,5,7.37,1,1778.09,186.24,17.9689,79.5941
S0985,2026-04-27,Hyderabad,Bengaluru,588,Carrier_B,V01,796,Medium,Rain,Normal,13,14.36,1,7030.54,913.13,12.9716,77.5946
S0986,2026-07-09,Hyderabad,Visakhapatnam,608,Carrier_D,V03,935,Medium,Normal,Normal,13,11.69,0,8057.0,981.78,17.6868,83.2185
S0987,2026-06-20,Hyderabad,Chennai,637,Carrier_C,V03,200,Low,Normal,Normal,16,13.79,0,6920.94,571.28,13.0827,80.2707
S0988,2026-03-18,Hyderabad,Mumbai,690,Carrier_B,V01,903,Medium,Normal,Normal,16,14.31,0,8122.03,936.47,19.076,72.8777
S0989,2026-02-20,Hyderabad,Warangal,174,Carrier_B,V01,926,Low,Rain,Normal,6,3.9,0,2022.47,264.41,17.9689,79.5941
S0990,2026-05-22,Hyderabad,Vijayawada,267,Carrier_B,V03,337,High,Normal,Normal,6,6.88,1,3115.85,256.49,16.5062,80.648
S0991,2026-06-27,Hyderabad,Chennai,638,Carrier_B,V04,412,Medium,Normal,Normal,16,14.86,0,7482.49,1134.7,13.0827,80.2707
S0992,2026-03-03,Hyderabad,Vijayawada,259,Carrier_B,V03,615,Medium,Rain,Normal,8,7.29,0,3061.98,471.09,16.5062,80.648
S0993,2026-03-08,Hyderabad,Pune,558,Carrier_D,V05,450,Medium,Normal,Normal,13,13.36,1,7308.97,644.7,18.5204,73.8567
S0994,2026-01-07,Hyderabad,Bengaluru,556,Carrier_C,V02,893,Medium,Normal,Normal,10,11.76,1,6015.51,715.82,12.9716,77.5946
S0995,2026-02-15,Hyderabad,Visakhapatnam,602,Carrier_C,V03,280,Low,Normal,Normal,11,12.57,1,6478.09,646.01,17.6868,83.2185
S0996,2026-08-06,Hyderabad,Vijayawada,274,Carrier_C,V05,738,Low,Normal,Normal,8,6.88,0,3016.56,343.8,16.5062,80.648
S0997,2026-04-29,Hyderabad,Visakhapatnam,602,Carrier_B,V01,178,Medium,Rain,Normal,11,14.45,1,7083.91,928.92,17.6868,83.2185
S0998,2026-06-17,Hyderabad,Mumbai,691,Carrier_A,V05,367,Low,Normal,Normal,12,12.84,1,8733.72,1376.07,19.076,72.8777
S0999,2026-07-05,Hyderabad,Bengaluru,572,Carrier_A,V05,692,High,Rain,High,10,13.41,1,7175.66,726.04,12.9716,77.5946
S1000,2026-07-03,Hyderabad,Pune,544,Carrier_B,V01,487,Medium,Normal,High,11,12.5,1,6401.46,563.48,18.5204,73.8567
